2026-07-24 09:09:44,855 INFO Watching for file changes with StatReloader
2026-07-24 09:09:44,856 DEBUG Waiting for apps ready_event.
2026-07-24 09:09:45,086 DEBUG Apps ready_event triggered. Sending autoreload_started signal.
2026-07-24 09:09:45,095 DEBUG Watching dir D:\Programming\GRK\another batch\my_project\.drf\Lib\site-packages\rest_framework\templates with glob **/*.
2026-07-24 09:09:45,095 DEBUG Watching dir D:\Programming\GRK\another batch\my_project\Hospital\locale with glob **/*.mo.
2026-07-24 09:09:45,095 DEBUG Watching dir D:\Programming\GRK\another batch\my_project\.drf\Lib\site-packages\rest_framework\locale with glob **/*.mo.
2026-07-24 09:09:45,096 DEBUG Watching dir D:\Programming\GRK\another batch\my_project\Hospital\UserReg\locale with glob **/*.mo.
2026-07-24 09:09:45,096 DEBUG Watching dir D:\Programming\GRK\another batch\my_project\Hospital\User\locale with glob **/*.mo.
2026-07-24 09:09:45,172 DEBUG (0.000) 
                SELECT VERSION(),
                       @@sql_mode,
                       @@default_storage_engine,
                       @@sql_auto_is_null,
                       @@lower_case_table_names,
                       CONVERT_TZ('2001-01-01 01:00:00', 'UTC', 'UTC') IS NOT NULL
            ; args=None; alias=default
2026-07-24 09:09:45,172 DEBUG (0.000) SET SESSION TRANSACTION ISOLATION LEVEL READ COMMITTED; args=None; alias=default
2026-07-24 09:09:45,177 DEBUG (0.016) 
            SELECT
                table_name,
                table_type,
                table_comment
            FROM information_schema.tables
            WHERE table_schema = DATABASE()
            ; args=None; alias=default
2026-07-24 09:09:45,182 DEBUG (0.000) SELECT `django_migrations`.`id`, `django_migrations`.`app`, `django_migrations`.`name`, `django_migrations`.`applied` FROM `django_migrations`; args=(); alias=default
2026-07-24 09:09:45,327 DEBUG File D:\Programming\GRK\another batch\my_project\.drf\Lib\site-packages\django\core\paginator.py first seen with mtime 1783309432.9747312
2026-07-24 09:09:45,327 DEBUG File C:\Users\vijay\AppData\Local\Programs\Python\Python311\Lib\email\headerregistry.py first seen with mtime 1712041974.0
2026-07-24 09:09:45,327 DEBUG File C:\Users\vijay\AppData\Local\Programs\Python\Python311\Lib\importlib\metadata\_text.py first seen with mtime 1712041974.0
2026-07-24 09:09:45,327 DEBUG File D:\Programming\GRK\another batch\my_project\.drf\Lib\site-packages\urllib3\filepost.py first seen with mtime 1783656780.8057842
2026-07-24 09:09:45,327 DEBUG File D:\Programming\GRK\another batch\my_project\.drf\Lib\site-packages\sqlparse\filters\aligned_indent.py first seen with mtime 1783309427.6692612
2026-07-24 09:09:45,327 DEBUG File C:\Users\vijay\AppData\Local\Programs\Python\Python311\Lib\wsgiref\headers.py first seen with mtime 1712041974.0
2026-07-24 09:09:45,327 DEBUG File D:\Programming\GRK\another batch\my_project\.drf\Lib\site-packages\rest_framework\relations.py first seen with mtime 1783309448.3198059
2026-07-24 09:09:45,328 DEBUG File C:\Users\vijay\AppData\Local\Programs\Python\Python311\Lib\email\_header_value_parser.py first seen with mtime 1712041974.0
2026-07-24 09:09:45,328 DEBUG File D:\Programming\GRK\another batch\my_project\.drf\Lib\site-packages\django\core\management\commands\runserver.py first seen with mtime 1783309433.0525472
2026-07-24 09:09:45,328 DEBUG File D:\Programming\GRK\another batch\my_project\.drf\Lib\site-packages\django\template\utils.py first seen with mtime 1783309433.3401575
2026-07-24 09:09:45,328 DEBUG File D:\Programming\GRK\another batch\my_project\.drf\Lib\site-packages\django\core\wsgi.py first seen with mtime 1783309432.9784393
2026-07-24 09:09:45,328 DEBUG File D:\Programming\GRK\another batch\my_project\.drf\Lib\site-packages\django\contrib\auth\models.py first seen with mtime 1783309430.3100414
2026-07-24 09:09:45,328 DEBUG File C:\Users\vijay\AppData\Local\Programs\Python\Python311\Lib\asyncio\base_futures.py first seen with mtime 1712041974.0
2026-07-24 09:09:45,328 DEBUG File D:\Programming\GRK\another batch\my_project\.drf\Lib\site-packages\rest_framework_simplejwt\tokens.py first seen with mtime 1784726175.3519132
2026-07-24 09:09:45,328 DEBUG File D:\Programming\GRK\another batch\my_project\.drf\Lib\site-packages\django\core\checks\caches.py first seen with mtime 1783309432.989036
2026-07-24 09:09:45,328 DEBUG File D:\Programming\GRK\another batch\my_project\.drf\Lib\site-packages\rest_framework\parsers.py first seen with mtime 1783309448.318776
2026-07-24 09:09:45,328 DEBUG File D:\Programming\GRK\another batch\my_project\.drf\Lib\site-packages\django\db\models\query.py first seen with mtime 1783309433.1567228
2026-07-24 09:09:45,328 DEBUG File D:\Programming\GRK\another batch\my_project\.drf\Lib\site-packages\django\contrib\sessions\backends\base.py first seen with mtime 1783309432.4480155
2026-07-24 09:09:45,328 DEBUG File D:\Programming\GRK\another batch\my_project\.drf\Lib\site-packages\asgiref\current_thread_executor.py first seen with mtime 1783309428.473423
2026-07-24 09:09:45,328 DEBUG File D:\Programming\GRK\another batch\my_project\.drf\Lib\site-packages\django\utils\dates.py first seen with mtime 1783309433.3890996
2026-07-24 09:09:45,328 DEBUG File C:\Users\vijay\AppData\Local\Programs\Python\Python311\Lib\struct.py first seen with mtime 1712041974.0
2026-07-24 09:09:45,328 DEBUG File D:\Programming\GRK\another batch\my_project\.drf\Lib\site-packages\urllib3\contrib\__init__.py first seen with mtime 1783656780.8087983
2026-07-24 09:09:45,329 DEBUG File C:\Users\vijay\AppData\Local\Programs\Python\Python311\Lib\ast.py first seen with mtime 1712041974.0
2026-07-24 09:09:45,329 DEBUG File C:\Users\vijay\AppData\Local\Programs\Python\Python311\Lib\json\__init__.py first seen with mtime 1712041974.0
2026-07-24 09:09:45,329 DEBUG File C:\Users\vijay\AppData\Local\Programs\Python\Python311\Lib\html\entities.py first seen with mtime 1712041974.0
2026-07-24 09:09:45,329 DEBUG File C:\Users\vijay\AppData\Local\Programs\Python\Python311\Lib\bisect.py first seen with mtime 1712041974.0
2026-07-24 09:09:45,329 DEBUG File D:\Programming\GRK\another batch\my_project\Hospital\manage.py first seen with mtime 1783393750.3783846
2026-07-24 09:09:45,329 DEBUG File D:\Programming\GRK\another batch\my_project\.drf\Lib\site-packages\django\apps\config.py first seen with mtime 1783309428.743083
2026-07-24 09:09:45,329 DEBUG File D:\Programming\GRK\another batch\my_project\.drf\Lib\site-packages\django\utils\functional.py first seen with mtime 1783309433.395281
2026-07-24 09:09:45,329 DEBUG File D:\Programming\GRK\another batch\my_project\.drf\Lib\site-packages\django\contrib\admindocs\__init__.py first seen with mtime 1783309429.9958005
2026-07-24 09:09:45,329 DEBUG File D:\Programming\GRK\another batch\my_project\.drf\Lib\site-packages\urllib3\_version.py first seen with mtime 1783656780.8005152
2026-07-24 09:09:45,329 DEBUG File D:\Programming\GRK\another batch\my_project\.drf\Lib\site-packages\certifi\__init__.py first seen with mtime 1783656783.0217412
2026-07-24 09:09:45,329 DEBUG File D:\Programming\GRK\another batch\my_project\.drf\Lib\site-packages\django\db\backends\mysql\__init__.py first seen with mtime 1783309433.0893843
2026-07-24 09:09:45,329 DEBUG File D:\Programming\GRK\another batch\my_project\.drf\Lib\site-packages\django\views\static.py first seen with mtime 1783309433.423958
2026-07-24 09:09:45,329 DEBUG File C:\Users\vijay\AppData\Local\Programs\Python\Python311\Lib\importlib\metadata\_functools.py first seen with mtime 1712041974.0
2026-07-24 09:09:45,329 DEBUG File D:\Programming\GRK\another batch\my_project\.drf\Lib\site-packages\rest_framework\utils\encoders.py first seen with mtime 1783309448.5727725
2026-07-24 09:09:45,329 DEBUG File D:\Programming\GRK\another batch\my_project\.drf\Lib\site-packages\urllib3\util\url.py first seen with mtime 1783656780.8273401
2026-07-24 09:09:45,330 DEBUG File D:\Programming\GRK\another batch\my_project\.drf\Lib\site-packages\rest_framework\utils\humanize_datetime.py first seen with mtime 1783309448.5791476
2026-07-24 09:09:45,330 DEBUG File D:\Programming\GRK\another batch\my_project\.drf\Lib\site-packages\urllib3\util\util.py first seen with mtime 1783656780.829217
2026-07-24 09:09:45,330 DEBUG File C:\Users\vijay\AppData\Local\Programs\Python\Python311\Lib\asyncio\constants.py first seen with mtime 1712041974.0
2026-07-24 09:09:45,330 DEBUG File C:\Users\vijay\AppData\Local\Programs\Python\Python311\Lib\platform.py first seen with mtime 1712041974.0
2026-07-24 09:09:45,330 DEBUG File D:\Programming\GRK\another batch\my_project\.drf\Lib\site-packages\django\contrib\admin\templatetags\admin_modify.py first seen with mtime 1783309429.9890792
2026-07-24 09:09:45,330 DEBUG File D:\Programming\GRK\another batch\my_project\.drf\Lib\site-packages\django\contrib\messages\constants.py first seen with mtime 1783309431.936103
2026-07-24 09:09:45,330 DEBUG File D:\Programming\GRK\another batch\my_project\.drf\Lib\site-packages\django\views\decorators\__init__.py first seen with mtime 1783309433.4250715
2026-07-24 09:09:45,330 DEBUG File C:\Users\vijay\AppData\Local\Programs\Python\Python311\Lib\_compression.py first seen with mtime 1712041974.0
2026-07-24 09:09:45,330 DEBUG File D:\Programming\GRK\another batch\my_project\.drf\Lib\site-packages\rest_framework\schemas\utils.py first seen with mtime 1783309448.4792304
2026-07-24 09:09:45,330 DEBUG File D:\Programming\GRK\another batch\my_project\.drf\Lib\site-packages\django\utils\autoreload.py first seen with mtime 1783309433.3812306
2026-07-24 09:09:45,330 DEBUG File D:\Programming\GRK\another batch\my_project\.drf\Lib\site-packages\rest_framework\utils\representation.py first seen with mtime 1783309448.5827377
2026-07-24 09:09:45,330 DEBUG File D:\Programming\GRK\another batch\my_project\.drf\Lib\site-packages\django\db\models\sql\subqueries.py first seen with mtime 1783309433.1897442
2026-07-24 09:09:45,330 DEBUG File D:\Programming\GRK\another batch\my_project\.drf\Lib\site-packages\django\test\html.py first seen with mtime 1783309433.3637362
2026-07-24 09:09:45,330 DEBUG File D:\Programming\GRK\another batch\my_project\.drf\Lib\site-packages\django\contrib\postgres\validators.py first seen with mtime 1783309431.957643
2026-07-24 09:09:45,330 DEBUG File D:\Programming\GRK\another batch\my_project\.drf\Lib\site-packages\idna\__init__.py first seen with mtime 1783656781.8931022
2026-07-24 09:09:45,331 DEBUG File C:\Users\vijay\AppData\Local\Programs\Python\Python311\Lib\importlib\__init__.py first seen with mtime 1712041974.0
2026-07-24 09:09:45,331 DEBUG File D:\Programming\GRK\another batch\my_project\.drf\Lib\site-packages\rest_framework\renderers.py first seen with mtime 1783309448.3210158
2026-07-24 09:09:45,331 DEBUG File C:\Users\vijay\AppData\Local\Programs\Python\Python311\Lib\collections\abc.py first seen with mtime 1712041974.0
2026-07-24 09:09:45,331 DEBUG File D:\Programming\GRK\another batch\my_project\.drf\Lib\site-packages\django\contrib\admin\helpers.py first seen with mtime 1783309429.2603183
2026-07-24 09:09:45,331 DEBUG File D:\Programming\GRK\another batch\my_project\.drf\Lib\site-packages\django\contrib\auth\admin.py first seen with mtime 1783309430.2983034
2026-07-24 09:09:45,331 DEBUG File D:\Programming\GRK\another batch\my_project\.drf\Lib\site-packages\django\db\utils.py first seen with mtime 1783309433.0709693
2026-07-24 09:09:45,331 DEBUG File D:\Programming\GRK\another batch\my_project\.drf\Lib\site-packages\django\db\backends\mysql\operations.py first seen with mtime 1783309433.096184
2026-07-24 09:09:45,331 DEBUG File C:\Users\vijay\AppData\Local\Programs\Python\Python311\Lib\email\charset.py first seen with mtime 1712041974.0
2026-07-24 09:09:45,331 DEBUG File D:\Programming\GRK\another batch\my_project\.drf\Lib\site-packages\django\contrib\admindocs\utils.py first seen with mtime 1783309429.9988005
2026-07-24 09:09:45,331 DEBUG File C:\Users\vijay\AppData\Local\Programs\Python\Python311\Lib\urllib\parse.py first seen with mtime 1712041974.0
2026-07-24 09:09:45,331 DEBUG File C:\Users\vijay\AppData\Local\Programs\Python\Python311\Lib\ctypes\_endian.py first seen with mtime 1712041974.0
2026-07-24 09:09:45,331 DEBUG File D:\Programming\GRK\another batch\my_project\.drf\Lib\site-packages\idna\package_data.py first seen with mtime 1783656781.8988204
2026-07-24 09:09:45,331 DEBUG File D:\Programming\GRK\another batch\my_project\.drf\Lib\site-packages\django\db\models\functions\window.py first seen with mtime 1783309433.1802478
2026-07-24 09:09:45,331 DEBUG File D:\Programming\GRK\another batch\my_project\.drf\Lib\site-packages\rest_framework_simplejwt\models.py first seen with mtime 1784726175.3485851
2026-07-24 09:09:45,331 DEBUG File D:\Programming\GRK\another batch\my_project\.drf\Lib\site-packages\charset_normalizer\legacy.py first seen with mtime 1783656782.5320349
2026-07-24 09:09:45,331 DEBUG File D:\Programming\GRK\another batch\my_project\.drf\Lib\site-packages\django\core\cache\__init__.py first seen with mtime 1783309432.9784393
2026-07-24 09:09:45,332 DEBUG File D:\Programming\GRK\another batch\my_project\.drf\Lib\site-packages\django\db\migrations\operations\__init__.py first seen with mtime 1783309433.138457
2026-07-24 09:09:45,332 DEBUG File D:\Programming\GRK\another batch\my_project\.drf\Lib\site-packages\urllib3\_base_connection.py first seen with mtime 1783656780.798507
2026-07-24 09:09:45,332 DEBUG File D:\Programming\GRK\another batch\my_project\.drf\Lib\site-packages\django\templatetags\tz.py first seen with mtime 1783309433.3595436
2026-07-24 09:09:45,332 DEBUG File C:\Users\vijay\AppData\Local\Programs\Python\Python311\Lib\asyncio\base_tasks.py first seen with mtime 1712041974.0
2026-07-24 09:09:45,332 DEBUG File D:\Programming\GRK\another batch\my_project\.drf\Lib\site-packages\django\core\files\locks.py first seen with mtime 1783309433.0069895
2026-07-24 09:09:45,332 DEBUG File C:\Users\vijay\AppData\Local\Programs\Python\Python311\Lib\re\_constants.py first seen with mtime 1712041974.0
2026-07-24 09:09:45,332 DEBUG File D:\Programming\GRK\another batch\my_project\Hospital\User\urls.py first seen with mtime 1784690463.6215284
2026-07-24 09:09:45,332 DEBUG File D:\Programming\GRK\another batch\my_project\.drf\Lib\site-packages\ada92cb5d92a588d1b93__mypyc.cp311-win_amd64.pyd first seen with mtime 1783656782.523492
2026-07-24 09:09:45,332 DEBUG File D:\Programming\GRK\another batch\my_project\.drf\Lib\site-packages\django\contrib\sites\requests.py first seen with mtime 1783309432.6981065
2026-07-24 09:09:45,332 DEBUG File C:\Users\vijay\AppData\Local\Programs\Python\Python311\Lib\asyncio\streams.py first seen with mtime 1712041974.0
2026-07-24 09:09:45,332 DEBUG File D:\Programming\GRK\another batch\my_project\.drf\Lib\site-packages\django\core\handlers\__init__.py first seen with mtime 1783309433.019375
2026-07-24 09:09:45,332 DEBUG File D:\Programming\GRK\another batch\my_project\.drf\Lib\site-packages\charset_normalizer\constant.py first seen with mtime 1783656782.5310194
2026-07-24 09:09:45,332 DEBUG File C:\Users\vijay\AppData\Local\Programs\Python\Python311\Lib\email\mime\base.py first seen with mtime 1712041974.0
2026-07-24 09:09:45,332 DEBUG File D:\Programming\GRK\another batch\my_project\.drf\Lib\site-packages\django\templatetags\cache.py first seen with mtime 1783309433.3547554
2026-07-24 09:09:45,332 DEBUG File D:\Programming\GRK\another batch\my_project\.drf\Lib\site-packages\requests\__version__.py first seen with mtime 1783656783.1057456
2026-07-24 09:09:45,333 DEBUG File D:\Programming\GRK\another batch\my_project\.drf\Lib\site-packages\rest_framework\utils\timezone.py first seen with mtime 1783309448.5839102
2026-07-24 09:09:45,333 DEBUG File C:\Users\vijay\AppData\Local\Programs\Python\Python311\Lib\asyncio\windows_utils.py first seen with mtime 1712041974.0
2026-07-24 09:09:45,333 DEBUG File D:\Programming\GRK\another batch\my_project\.drf\Lib\site-packages\django\db\models\fields\__init__.py first seen with mtime 1783309433.1612184
2026-07-24 09:09:45,333 DEBUG File D:\Programming\GRK\another batch\my_project\.drf\Lib\site-packages\django\db\models\fields\composite.py first seen with mtime 1783309433.1622188
2026-07-24 09:09:45,333 DEBUG File C:\Users\vijay\AppData\Local\Programs\Python\Python311\Lib\asyncio\timeouts.py first seen with mtime 1712041974.0
2026-07-24 09:09:45,333 DEBUG File D:\Programming\GRK\another batch\my_project\.drf\Lib\site-packages\django\urls\exceptions.py first seen with mtime 1783309433.3755245
2026-07-24 09:09:45,333 DEBUG File D:\Programming\GRK\another batch\my_project\.drf\Lib\site-packages\charset_normalizer\version.py first seen with mtime 1783656782.536033
2026-07-24 09:09:45,333 DEBUG File C:\Users\vijay\AppData\Local\Programs\Python\Python311\Lib\asyncio\format_helpers.py first seen with mtime 1712041974.0
2026-07-24 09:09:45,333 DEBUG File C:\Users\vijay\AppData\Local\Programs\Python\Python311\Lib\asyncio\tasks.py first seen with mtime 1712041974.0
2026-07-24 09:09:45,333 DEBUG File D:\Programming\GRK\another batch\my_project\.drf\Lib\site-packages\django\db\models\functions\mixins.py first seen with mtime 1783309433.1777494
2026-07-24 09:09:45,333 DEBUG File C:\Users\vijay\AppData\Local\Programs\Python\Python311\Lib\queue.py first seen with mtime 1712041974.0
2026-07-24 09:09:45,333 DEBUG File C:\Users\vijay\AppData\Local\Programs\Python\Python311\Lib\ipaddress.py first seen with mtime 1712041974.0
2026-07-24 09:09:45,333 DEBUG File D:\Programming\GRK\another batch\my_project\.drf\Lib\site-packages\django\contrib\contenttypes\apps.py first seen with mtime 1783309430.676415
2026-07-24 09:09:45,333 DEBUG File C:\Users\vijay\AppData\Local\Programs\Python\Python311\Lib\unittest\__init__.py first seen with mtime 1712041974.0
2026-07-24 09:09:45,333 DEBUG File D:\Programming\GRK\another batch\my_project\.drf\Lib\site-packages\django\db\models\utils.py first seen with mtime 1783309433.1590796
2026-07-24 09:09:45,334 DEBUG File D:\Programming\GRK\another batch\my_project\.drf\Lib\site-packages\django\db\models\functions\math.py first seen with mtime 1783309433.1767385
2026-07-24 09:09:45,334 DEBUG File D:\Programming\GRK\another batch\my_project\.drf\Lib\site-packages\django\core\__init__.py first seen with mtime 1783309432.971447
2026-07-24 09:09:45,334 DEBUG File D:\Programming\GRK\another batch\my_project\.drf\Lib\site-packages\django\db\migrations\operations\fields.py first seen with mtime 1783309433.1407337
2026-07-24 09:09:45,334 DEBUG File D:\Programming\GRK\another batch\my_project\.drf\Lib\site-packages\django\template\smartif.py first seen with mtime 1783309433.3401575
2026-07-24 09:09:45,334 DEBUG File D:\Programming\GRK\another batch\my_project\.drf\Lib\site-packages\django\db\models\fields\tuple_lookups.py first seen with mtime 1783309433.1726413
2026-07-24 09:09:45,334 DEBUG File D:\Programming\GRK\another batch\my_project\.drf\Lib\site-packages\asgiref\__init__.py first seen with mtime 1783309428.4708936
2026-07-24 09:09:45,334 DEBUG File D:\Programming\GRK\another batch\my_project\.drf\Lib\site-packages\django\db\models\sql\query.py first seen with mtime 1783309433.1886492
2026-07-24 09:09:45,334 DEBUG File D:\Programming\GRK\another batch\my_project\.drf\Lib\site-packages\django\contrib\contenttypes\checks.py first seen with mtime 1783309430.676415
2026-07-24 09:09:45,334 DEBUG File D:\Programming\GRK\another batch\my_project\.drf\Lib\site-packages\django\db\models\signals.py first seen with mtime 1783309433.1590796
2026-07-24 09:09:45,334 DEBUG File D:\Programming\GRK\another batch\my_project\.drf\Lib\site-packages\django\core\files\base.py first seen with mtime 1783309433.002773
2026-07-24 09:09:45,334 DEBUG File D:\Programming\GRK\another batch\my_project\.drf\Lib\site-packages\django\contrib\messages\middleware.py first seen with mtime 1783309431.9379432
2026-07-24 09:09:45,334 DEBUG File C:\Users\vijay\AppData\Local\Programs\Python\Python311\DLLs\_socket.pyd first seen with mtime 1712042000.0
2026-07-24 09:09:45,334 DEBUG File D:\Programming\GRK\another batch\my_project\.drf\Lib\site-packages\django\utils\duration.py first seen with mtime 1783309433.3915172
2026-07-24 09:09:45,335 DEBUG File D:\Programming\GRK\another batch\my_project\.drf\Lib\site-packages\urllib3\util\ssltransport.py first seen with mtime 1783656780.8263454
2026-07-24 09:09:45,335 DEBUG File D:\Programming\GRK\another batch\my_project\.drf\Lib\site-packages\django\core\serializers\__init__.py first seen with mtime 1783309433.0619688
2026-07-24 09:09:45,335 DEBUG File D:\Programming\GRK\another batch\my_project\.drf\Lib\site-packages\django\contrib\admin\templatetags\base.py first seen with mtime 1783309429.9914742
2026-07-24 09:09:45,335 DEBUG File C:\Users\vijay\AppData\Local\Programs\Python\Python311\Lib\asyncio\trsock.py first seen with mtime 1712041974.0
2026-07-24 09:09:45,335 DEBUG File D:\Programming\GRK\another batch\my_project\.drf\Lib\site-packages\django\core\checks\templates.py first seen with mtime 1783309432.9940324
2026-07-24 09:09:45,335 DEBUG File D:\Programming\GRK\another batch\my_project\.drf\Lib\site-packages\django\views\debug.py first seen with mtime 1783309433.4204988
2026-07-24 09:09:45,335 DEBUG File D:\Programming\GRK\another batch\my_project\.drf\Lib\site-packages\django\contrib\admin\views\autocomplete.py first seen with mtime 1783309429.9927933
2026-07-24 09:09:45,335 DEBUG File D:\Programming\GRK\another batch\my_project\Hospital\Hospital\__init__.py first seen with mtime 1783393750.3864431
2026-07-24 09:09:45,335 DEBUG File D:\Programming\GRK\another batch\my_project\.drf\Lib\site-packages\django\contrib\staticfiles\apps.py first seen with mtime 1783309432.9559095
2026-07-24 09:09:45,335 DEBUG File D:\Programming\GRK\another batch\my_project\.drf\Lib\site-packages\django\utils\hashable.py first seen with mtime 1783309433.3965259
2026-07-24 09:09:45,335 DEBUG File C:\Users\vijay\AppData\Local\Programs\Python\Python311\Lib\importlib\resources\readers.py first seen with mtime 1712041974.0
2026-07-24 09:09:45,335 DEBUG File C:\Users\vijay\AppData\Local\Programs\Python\Python311\Lib\shutil.py first seen with mtime 1712041974.0
2026-07-24 09:09:45,336 DEBUG File D:\Programming\GRK\another batch\my_project\.drf\Lib\site-packages\django\forms\utils.py first seen with mtime 1783309433.2014253
2026-07-24 09:09:45,336 DEBUG File D:\Programming\GRK\another batch\my_project\.drf\Lib\site-packages\django\__init__.py first seen with mtime 1783309428.7383273
2026-07-24 09:09:45,336 DEBUG File D:\Programming\GRK\another batch\my_project\.drf\Lib\site-packages\charset_normalizer\utils.py first seen with mtime 1783656782.536033
2026-07-24 09:09:45,336 DEBUG File D:\Programming\GRK\another batch\my_project\Hospital\User\apps.py first seen with mtime 1784258035.2431674
2026-07-24 09:09:45,336 DEBUG File D:\Programming\GRK\another batch\my_project\.drf\Lib\site-packages\django\utils\datastructures.py first seen with mtime 1783309433.3865433
2026-07-24 09:09:45,336 DEBUG File D:\Programming\GRK\another batch\my_project\.drf\Lib\site-packages\requests\_types.py first seen with mtime 1783656783.1067476
2026-07-24 09:09:45,336 DEBUG File D:\Programming\GRK\another batch\my_project\.drf\Lib\site-packages\django\contrib\admin\__init__.py first seen with mtime 1783309429.2496164
2026-07-24 09:09:45,336 DEBUG File D:\Programming\GRK\another batch\my_project\.drf\Lib\site-packages\django\contrib\auth\signals.py first seen with mtime 1783309430.3113632
2026-07-24 09:09:45,336 DEBUG File D:\Programming\GRK\another batch\my_project\.drf\Lib\site-packages\django\contrib\auth\views.py first seen with mtime 1783309430.315146
2026-07-24 09:09:45,337 DEBUG File D:\Programming\GRK\another batch\my_project\.drf\Lib\site-packages\django\contrib\staticfiles\management\__init__.py first seen with mtime 1783309432.9643645
2026-07-24 09:09:45,337 DEBUG File D:\Programming\GRK\another batch\my_project\.drf\Lib\site-packages\urllib3\response.py first seen with mtime 1783656780.8087983
2026-07-24 09:09:45,337 DEBUG File D:\Programming\GRK\another batch\my_project\.drf\Lib\site-packages\rest_framework\schemas\inspectors.py first seen with mtime 1783309448.476015
2026-07-24 09:09:45,337 DEBUG File C:\Users\vijay\AppData\Local\Programs\Python\Python311\Lib\sysconfig.py first seen with mtime 1712041974.0
2026-07-24 09:09:45,337 DEBUG File D:\Programming\GRK\another batch\my_project\.drf\Lib\site-packages\django\utils\decorators.py first seen with mtime 1783309433.39051
2026-07-24 09:09:45,337 DEBUG File D:\Programming\GRK\another batch\my_project\.drf\Lib\site-packages\django\db\backends\mysql\validation.py first seen with mtime 1783309433.0974622
2026-07-24 09:09:45,337 DEBUG File D:\Programming\GRK\another batch\my_project\.drf\Lib\site-packages\rest_framework\response.py first seen with mtime 1783309448.3232472
2026-07-24 09:09:45,337 DEBUG File C:\Users\vijay\AppData\Local\Programs\Python\Python311\Lib\gzip.py first seen with mtime 1712041974.0
2026-07-24 09:09:45,337 DEBUG File C:\Users\vijay\AppData\Local\Programs\Python\Python311\Lib\concurrent\futures\__init__.py first seen with mtime 1712041974.0
2026-07-24 09:09:45,337 DEBUG File D:\Programming\GRK\another batch\my_project\.drf\Lib\site-packages\django\core\files\temp.py first seen with mtime 1783309433.0093908
2026-07-24 09:09:45,337 DEBUG File D:\Programming\GRK\another batch\my_project\.drf\Lib\site-packages\rest_framework\utils\urls.py first seen with mtime 1783309448.5851772
2026-07-24 09:09:45,337 DEBUG File C:\Users\vijay\AppData\Local\Programs\Python\Python311\Lib\logging\handlers.py first seen with mtime 1712041974.0
2026-07-24 09:09:45,338 DEBUG File D:\Programming\GRK\another batch\my_project\.drf\Lib\site-packages\rest_framework\checks.py first seen with mtime 1783309448.3072948
2026-07-24 09:09:45,338 DEBUG File C:\Users\vijay\AppData\Local\Programs\Python\Python311\Lib\textwrap.py first seen with mtime 1712041974.0
2026-07-24 09:09:45,338 DEBUG File C:\Users\vijay\AppData\Local\Programs\Python\Python311\Lib\email\mime\__init__.py first seen with mtime 1712041974.0
2026-07-24 09:09:45,338 DEBUG File C:\Users\vijay\AppData\Local\Programs\Python\Python311\Lib\encodings\aliases.py first seen with mtime 1712041974.0
2026-07-24 09:09:45,338 DEBUG File D:\Programming\GRK\another batch\my_project\.drf\Lib\site-packages\django\conf\locale\__init__.py first seen with mtime 1783309428.7540996
2026-07-24 09:09:45,338 DEBUG File D:\Programming\GRK\another batch\my_project\.drf\Lib\site-packages\MySQLdb\constants\__init__.py first seen with mtime 1783568427.2485516
2026-07-24 09:09:45,338 DEBUG File D:\Programming\GRK\another batch\my_project\.drf\Lib\site-packages\django\core\servers\__init__.py first seen with mtime 1783309433.0668468
2026-07-24 09:09:45,338 DEBUG File D:\Programming\GRK\another batch\my_project\.drf\Lib\site-packages\rest_framework\templatetags\__init__.py first seen with mtime 1783309448.5693398
2026-07-24 09:09:45,338 DEBUG File D:\Programming\GRK\another batch\my_project\.drf\Lib\site-packages\rest_framework\utils\serializer_helpers.py first seen with mtime 1783309448.5839102
2026-07-24 09:09:45,338 DEBUG File D:\Programming\GRK\another batch\my_project\.drf\Lib\site-packages\urllib3\_collections.py first seen with mtime 1783656780.7995164
2026-07-24 09:09:45,338 DEBUG File D:\Programming\GRK\another batch\my_project\.drf\Lib\site-packages\django\contrib\admin\apps.py first seen with mtime 1783309429.251838
2026-07-24 09:09:45,338 DEBUG File D:\Programming\GRK\another batch\my_project\.drf\Lib\site-packages\urllib3\exceptions.py first seen with mtime 1783656780.8043532
2026-07-24 09:09:45,338 DEBUG File D:\Programming\GRK\another batch\my_project\.drf\Lib\site-packages\django\db\backends\ddl_references.py first seen with mtime 1783309433.0721092
2026-07-24 09:09:45,338 DEBUG File D:\Programming\GRK\another batch\my_project\.drf\Lib\site-packages\sqlparse\sql.py first seen with mtime 1783309427.662177
2026-07-24 09:09:45,338 DEBUG File D:\Programming\GRK\another batch\my_project\.drf\Lib\site-packages\django\contrib\sessions\__init__.py first seen with mtime 1783309432.4409266
2026-07-24 09:09:45,339 DEBUG File D:\Programming\GRK\another batch\my_project\.drf\Lib\site-packages\sqlparse\engine\filter_stack.py first seen with mtime 1783309427.6656616
2026-07-24 09:09:45,339 DEBUG File C:\Users\vijay\AppData\Local\Programs\Python\Python311\Lib\asyncio\protocols.py first seen with mtime 1712041974.0
2026-07-24 09:09:45,339 DEBUG File D:\Programming\GRK\another batch\my_project\.drf\Lib\site-packages\django\db\backends\base\schema.py first seen with mtime 1783309433.0856209
2026-07-24 09:09:45,339 DEBUG File D:\Programming\GRK\another batch\my_project\.drf\Lib\site-packages\django\core\cache\backends\locmem.py first seen with mtime 1783309432.9842384
2026-07-24 09:09:45,339 DEBUG File C:\Users\vijay\AppData\Local\Programs\Python\Python311\Lib\token.py first seen with mtime 1712041974.0
2026-07-24 09:09:45,339 DEBUG File D:\Programming\GRK\another batch\my_project\.drf\Lib\site-packages\django\db\backends\base\client.py first seen with mtime 1783309433.07561
2026-07-24 09:09:45,339 DEBUG File C:\Users\vijay\AppData\Local\Programs\Python\Python311\Lib\json\decoder.py first seen with mtime 1712041974.0
2026-07-24 09:09:45,339 DEBUG File D:\Programming\GRK\another batch\my_project\.drf\Lib\site-packages\django\forms\boundfield.py first seen with mtime 1783309433.1965733
2026-07-24 09:09:45,339 DEBUG File C:\Users\vijay\AppData\Local\Programs\Python\Python311\Lib\heapq.py first seen with mtime 1712041974.0
2026-07-24 09:09:45,339 DEBUG File D:\Programming\GRK\another batch\my_project\.drf\Lib\site-packages\requests\__init__.py first seen with mtime 1783656783.1047456
2026-07-24 09:09:45,339 DEBUG File D:\Programming\GRK\another batch\my_project\.drf\Lib\site-packages\rest_framework\exceptions.py first seen with mtime 1783309448.3107822
2026-07-24 09:09:45,339 DEBUG File D:\Programming\GRK\another batch\my_project\.drf\Lib\site-packages\MySQLdb\_mysql.cp311-win_amd64.pyd first seen with mtime 1783568427.2412958
2026-07-24 09:09:45,339 DEBUG File D:\Programming\GRK\another batch\my_project\.drf\Lib\site-packages\rest_framework\utils\__init__.py first seen with mtime 1783309448.5706303
2026-07-24 09:09:45,339 DEBUG File C:\Users\vijay\AppData\Local\Programs\Python\Python311\Lib\email\encoders.py first seen with mtime 1712041974.0
2026-07-24 09:09:45,340 DEBUG File C:\Users\vijay\AppData\Local\Programs\Python\Python311\Lib\wsgiref\simple_server.py first seen with mtime 1712041974.0
2026-07-24 09:09:45,340 DEBUG File D:\Programming\GRK\another batch\my_project\.drf\Lib\site-packages\django\db\transaction.py first seen with mtime 1783309433.0698552
2026-07-24 09:09:45,340 DEBUG File C:\Users\vijay\AppData\Local\Programs\Python\Python311\Lib\getpass.py first seen with mtime 1712041974.0
2026-07-24 09:09:45,340 DEBUG File D:\Programming\GRK\another batch\my_project\.drf\Lib\site-packages\sqlparse\utils.py first seen with mtime 1783309427.663488
2026-07-24 09:09:45,340 DEBUG File D:\Programming\GRK\another batch\my_project\.drf\Lib\site-packages\django\utils\module_loading.py first seen with mtime 1783309433.4024575
2026-07-24 09:09:45,340 DEBUG File D:\Programming\GRK\another batch\my_project\.drf\Lib\site-packages\django\contrib\auth\password_validation.py first seen with mtime 1783309430.3100414
2026-07-24 09:09:45,340 DEBUG File D:\Programming\GRK\another batch\my_project\.drf\Lib\site-packages\django\contrib\admin\templatetags\__init__.py first seen with mtime 1783309429.987953
2026-07-24 09:09:45,340 DEBUG File D:\Programming\GRK\another batch\my_project\.drf\Lib\site-packages\rest_framework_simplejwt\token_blacklist\models.py first seen with mtime 1784726175.391222
2026-07-24 09:09:45,340 DEBUG File D:\Programming\GRK\another batch\my_project\.drf\Lib\site-packages\sqlparse\lexer.py first seen with mtime 1783309427.660109
2026-07-24 09:09:45,340 DEBUG File C:\Users\vijay\AppData\Local\Programs\Python\Python311\Lib\ctypes\__init__.py first seen with mtime 1712041974.0
2026-07-24 09:09:45,340 DEBUG File D:\Programming\GRK\another batch\my_project\.drf\Lib\site-packages\django\template\loaders\cached.py first seen with mtime 1783309433.3510075
2026-07-24 09:09:45,340 DEBUG File C:\Users\vijay\AppData\Local\Programs\Python\Python311\Lib\ctypes\wintypes.py first seen with mtime 1712041974.0
2026-07-24 09:09:45,340 DEBUG File C:\Users\vijay\AppData\Local\Programs\Python\Python311\Lib\asyncio\queues.py first seen with mtime 1712041974.0
2026-07-24 09:09:45,340 DEBUG File D:\Programming\GRK\another batch\my_project\.drf\Lib\site-packages\django\urls\base.py first seen with mtime 1783309433.373126
2026-07-24 09:09:45,341 DEBUG File D:\Programming\GRK\another batch\my_project\.drf\Lib\site-packages\django\db\backends\mysql\client.py first seen with mtime 1783309433.0917883
2026-07-24 09:09:45,341 DEBUG File D:\Programming\GRK\another batch\my_project\.drf\Lib\site-packages\django\core\files\uploadedfile.py first seen with mtime 1783309433.0132227
2026-07-24 09:09:45,341 DEBUG File D:\Programming\GRK\another batch\my_project\.drf\Lib\site-packages\django\contrib\admin\filters.py first seen with mtime 1783309429.2574255
2026-07-24 09:09:45,341 DEBUG File D:\Programming\GRK\another batch\my_project\.drf\Lib\site-packages\django\views\generic\base.py first seen with mtime 1783309433.4337046
2026-07-24 09:09:45,341 DEBUG File D:\Programming\GRK\another batch\my_project\.drf\Lib\site-packages\django\contrib\sessions\apps.py first seen with mtime 1783309432.441927
2026-07-24 09:09:45,341 DEBUG File D:\Programming\GRK\another batch\my_project\.drf\Lib\site-packages\django\db\models\fields\files.py first seen with mtime 1783309433.1634233
2026-07-24 09:09:45,341 DEBUG File D:\Programming\GRK\another batch\my_project\.drf\Lib\site-packages\asgiref\local.py first seen with mtime 1783309428.473423
2026-07-24 09:09:45,341 DEBUG File D:\Programming\GRK\another batch\my_project\.drf\Lib\site-packages\django\core\checks\async_checks.py first seen with mtime 1783309432.9876492
2026-07-24 09:09:45,341 DEBUG File D:\Programming\GRK\another batch\my_project\Hospital\UserReg\urls.py first seen with mtime 1784173483.2512739
2026-07-24 09:09:45,341 DEBUG File D:\Programming\GRK\another batch\my_project\.drf\Lib\site-packages\django\test\testcases.py first seen with mtime 1783309433.3694837
2026-07-24 09:09:45,341 DEBUG File D:\Programming\GRK\another batch\my_project\.drf\Lib\site-packages\django\template\backends\__init__.py first seen with mtime 1783309433.3412716
2026-07-24 09:09:45,341 DEBUG File D:\Programming\GRK\another batch\my_project\.drf\Lib\site-packages\django\http\multipartparser.py first seen with mtime 1783309433.312975
2026-07-24 09:09:45,341 DEBUG File D:\Programming\GRK\another batch\my_project\.drf\Lib\site-packages\django\views\decorators\debug.py first seen with mtime 1783309433.4292767
2026-07-24 09:09:45,341 DEBUG File C:\Users\vijay\AppData\Local\Programs\Python\Python311\Lib\logging\config.py first seen with mtime 1712041974.0
2026-07-24 09:09:45,342 DEBUG File D:\Programming\GRK\another batch\my_project\.drf\Lib\site-packages\django\contrib\postgres\utils.py first seen with mtime 1783309431.957643
2026-07-24 09:09:45,342 DEBUG File D:\Programming\GRK\another batch\my_project\.drf\Lib\site-packages\requests\utils.py first seen with mtime 1783656783.1211917
2026-07-24 09:09:45,342 DEBUG File C:\Users\vijay\AppData\Local\Programs\Python\Python311\Lib\unittest\suite.py first seen with mtime 1712041974.0
2026-07-24 09:09:45,342 DEBUG File D:\Programming\GRK\another batch\my_project\.drf\Lib\site-packages\django\contrib\admin\templatetags\log.py first seen with mtime 1783309429.9914742
2026-07-24 09:09:45,342 DEBUG File C:\Users\vijay\AppData\Local\Programs\Python\Python311\Lib\email\contentmanager.py first seen with mtime 1712041974.0
2026-07-24 09:09:45,342 DEBUG File D:\Programming\GRK\another batch\my_project\.drf\Lib\site-packages\django\contrib\messages\api.py first seen with mtime 1783309431.9349053
2026-07-24 09:09:45,342 DEBUG File C:\Users\vijay\AppData\Local\Programs\Python\Python311\Lib\asyncio\proactor_events.py first seen with mtime 1712041974.0
2026-07-24 09:09:45,342 DEBUG File D:\Programming\GRK\another batch\my_project\.drf\Lib\site-packages\django\utils\formats.py first seen with mtime 1783309433.3941708
2026-07-24 09:09:45,342 DEBUG File C:\Users\vijay\AppData\Local\Programs\Python\Python311\Lib\functools.py first seen with mtime 1712041974.0
2026-07-24 09:09:45,342 DEBUG File D:\Programming\GRK\another batch\my_project\.drf\Lib\site-packages\django\core\validators.py first seen with mtime 1783912870.373701
2026-07-24 09:09:45,342 DEBUG File D:\Programming\GRK\another batch\my_project\.drf\Lib\site-packages\asgiref\sync.py first seen with mtime 1783309428.4762216
2026-07-24 09:09:45,342 DEBUG File C:\Users\vijay\AppData\Local\Programs\Python\Python311\Lib\asyncio\events.py first seen with mtime 1712041974.0
2026-07-24 09:09:45,342 DEBUG File C:\Users\vijay\AppData\Local\Programs\Python\Python311\Lib\__future__.py first seen with mtime 1712041974.0
2026-07-24 09:09:45,342 DEBUG File C:\Users\vijay\AppData\Local\Programs\Python\Python311\Lib\asyncio\sslproto.py first seen with mtime 1712041974.0
2026-07-24 09:09:45,342 DEBUG File C:\Users\vijay\AppData\Local\Programs\Python\Python311\Lib\reprlib.py first seen with mtime 1712041974.0
2026-07-24 09:09:45,343 DEBUG File C:\Users\vijay\AppData\Local\Programs\Python\Python311\Lib\concurrent\futures\_base.py first seen with mtime 1712041974.0
2026-07-24 09:09:45,343 DEBUG File D:\Programming\GRK\another batch\my_project\.drf\Lib\site-packages\django\core\checks\urls.py first seen with mtime 1783309432.9963396
2026-07-24 09:09:45,343 DEBUG File D:\Programming\GRK\another batch\my_project\.drf\Lib\site-packages\django\db\migrations\exceptions.py first seen with mtime 1783309433.128525
2026-07-24 09:09:45,343 DEBUG File D:\Programming\GRK\another batch\my_project\.drf\Lib\site-packages\rest_framework\settings.py first seen with mtime 1783309448.326738
2026-07-24 09:09:45,343 DEBUG File D:\Programming\GRK\another batch\my_project\Hospital\UserReg\__init__.py first seen with mtime 1783481012.9864197
2026-07-24 09:09:45,343 DEBUG File D:\Programming\GRK\another batch\my_project\.drf\Lib\site-packages\django\db\backends\postgresql\__init__.py first seen with mtime 1783309433.1088426
2026-07-24 09:09:45,343 DEBUG File C:\Users\vijay\AppData\Local\Programs\Python\Python311\Lib\encodings\cp1252.py first seen with mtime 1712041974.0
2026-07-24 09:09:45,343 DEBUG File D:\Programming\GRK\another batch\my_project\.drf\Lib\site-packages\django\template\context.py first seen with mtime 1783309433.3301218
2026-07-24 09:09:45,343 DEBUG File C:\Users\vijay\AppData\Local\Programs\Python\Python311\Lib\asyncio\windows_events.py first seen with mtime 1712041974.0
2026-07-24 09:09:45,343 DEBUG File C:\Users\vijay\AppData\Local\Programs\Python\Python311\DLLs\_ssl.pyd first seen with mtime 1712042000.0
2026-07-24 09:09:45,343 DEBUG File D:\Programming\GRK\another batch\my_project\.drf\Lib\site-packages\urllib3\util\connection.py first seen with mtime 1783656780.8197365
2026-07-24 09:09:45,343 DEBUG File C:\Users\vijay\AppData\Local\Programs\Python\Python311\Lib\asyncio\mixins.py first seen with mtime 1712041974.0
2026-07-24 09:09:45,343 DEBUG File D:\Programming\GRK\another batch\my_project\.drf\Lib\site-packages\django\http\cookie.py first seen with mtime 1783309433.3116808
2026-07-24 09:09:45,343 DEBUG File D:\Programming\GRK\another batch\my_project\.drf\Lib\site-packages\django\db\migrations\operations\models.py first seen with mtime 1783309433.1419177
2026-07-24 09:09:45,344 DEBUG File C:\Users\vijay\AppData\Local\Programs\Python\Python311\Lib\_markupbase.py first seen with mtime 1712041974.0
2026-07-24 09:09:45,344 DEBUG File D:\Programming\GRK\another batch\my_project\.drf\Lib\site-packages\django\utils\ipv6.py first seen with mtime 1783309433.40013
2026-07-24 09:09:45,344 DEBUG File C:\Users\vijay\AppData\Local\Programs\Python\Python311\Lib\importlib\resources\_common.py first seen with mtime 1712041974.0
2026-07-24 09:09:45,344 DEBUG File C:\Users\vijay\AppData\Local\Programs\Python\Python311\Lib\email\_policybase.py first seen with mtime 1712041974.0
2026-07-24 09:09:45,344 DEBUG File D:\Programming\GRK\another batch\my_project\.drf\Lib\site-packages\django\middleware\__init__.py first seen with mtime 1783309433.3166785
2026-07-24 09:09:45,344 DEBUG File D:\Programming\GRK\another batch\my_project\.drf\Lib\site-packages\django\core\files\storage\base.py first seen with mtime 1783309433.0156252
2026-07-24 09:09:45,344 DEBUG File D:\Programming\GRK\another batch\my_project\.drf\Lib\site-packages\django\contrib\auth\middleware.py first seen with mtime 1783309430.3076649
2026-07-24 09:09:45,344 DEBUG File D:\Programming\GRK\another batch\my_project\.drf\Lib\site-packages\django\utils\lorem_ipsum.py first seen with mtime 1783309433.4024575
2026-07-24 09:09:45,344 DEBUG File D:\Programming\GRK\another batch\my_project\.drf\Lib\site-packages\rest_framework\compat.py first seen with mtime 1783309448.308554
2026-07-24 09:09:45,344 DEBUG File C:\Users\vijay\AppData\Local\Programs\Python\Python311\Lib\hashlib.py first seen with mtime 1712041974.0
2026-07-24 09:09:45,344 DEBUG File C:\Users\vijay\AppData\Local\Programs\Python\Python311\Lib\xml\dom\minidom.py first seen with mtime 1712041974.0
2026-07-24 09:09:45,344 DEBUG File D:\Programming\GRK\another batch\my_project\.drf\Lib\site-packages\rest_framework\utils\model_meta.py first seen with mtime 1783309448.5827377
2026-07-24 09:09:45,344 DEBUG File C:\Users\vijay\AppData\Local\Programs\Python\Python311\Lib\xml\dom\__init__.py first seen with mtime 1712041974.0
2026-07-24 09:09:45,344 DEBUG File D:\Programming\GRK\another batch\my_project\.drf\Lib\site-packages\django\template\loader_tags.py first seen with mtime 1783309433.337699
2026-07-24 09:09:45,344 DEBUG File D:\Programming\GRK\another batch\my_project\.drf\Lib\site-packages\sqlparse\filters\__init__.py first seen with mtime 1783309427.6678445
2026-07-24 09:09:45,345 DEBUG File D:\Programming\GRK\another batch\my_project\.drf\Lib\site-packages\django\core\checks\__init__.py first seen with mtime 1783309432.9876492
2026-07-24 09:09:45,345 DEBUG File D:\Programming\GRK\another batch\my_project\.drf\Lib\site-packages\django\views\generic\detail.py first seen with mtime 1783309433.4358919
2026-07-24 09:09:45,345 DEBUG File D:\Programming\GRK\another batch\my_project\.drf\Lib\site-packages\django\shortcuts.py first seen with mtime 1783309428.7403767
2026-07-24 09:09:45,345 DEBUG File C:\Users\vijay\AppData\Local\Programs\Python\Python311\Lib\email\header.py first seen with mtime 1712041974.0
2026-07-24 09:09:45,345 DEBUG File D:\Programming\GRK\another batch\my_project\.drf\Lib\site-packages\django\views\decorators\cache.py first seen with mtime 1783309433.4262023
2026-07-24 09:09:45,345 DEBUG File D:\Programming\GRK\another batch\my_project\.drf\Lib\site-packages\django\db\models\expressions.py first seen with mtime 1783309433.1521294
2026-07-24 09:09:45,345 DEBUG File D:\Programming\GRK\another batch\my_project\.drf\Lib\site-packages\django\db\models\fields\proxy.py first seen with mtime 1783309433.166679
2026-07-24 09:09:45,345 DEBUG File D:\Programming\GRK\another batch\my_project\Hospital\UserReg\apps.py first seen with mtime 1783481012.9545507
2026-07-24 09:09:45,345 DEBUG File D:\Programming\GRK\another batch\my_project\.drf\Lib\site-packages\django\db\models\functions\text.py first seen with mtime 1783309433.1787488
2026-07-24 09:09:45,345 DEBUG File D:\Programming\GRK\another batch\my_project\.drf\Lib\site-packages\django\urls\__init__.py first seen with mtime 1783309433.3717878
2026-07-24 09:09:45,345 DEBUG File C:\Users\vijay\AppData\Local\Programs\Python\Python311\DLLs\_ctypes.pyd first seen with mtime 1712042000.0
2026-07-24 09:09:45,345 DEBUG File C:\Users\vijay\AppData\Local\Programs\Python\Python311\Lib\unittest\case.py first seen with mtime 1712041974.0
2026-07-24 09:09:45,345 DEBUG File D:\Programming\GRK\another batch\my_project\.drf\Lib\site-packages\sqlparse\tokens.py first seen with mtime 1783309427.663488
2026-07-24 09:09:45,345 DEBUG File C:\Users\vijay\AppData\Local\Programs\Python\Python311\Lib\concurrent\futures\thread.py first seen with mtime 1712041974.0
2026-07-24 09:09:45,346 DEBUG File C:\Users\vijay\AppData\Local\Programs\Python\Python311\Lib\importlib\_abc.py first seen with mtime 1712041974.0
2026-07-24 09:09:45,346 DEBUG File C:\Users\vijay\AppData\Local\Programs\Python\Python311\Lib\importlib\metadata\_collections.py first seen with mtime 1712041974.0
2026-07-24 09:09:45,346 DEBUG File D:\Programming\GRK\another batch\my_project\.drf\Lib\site-packages\sqlparse\engine\grouping.py first seen with mtime 1783309427.6668324
2026-07-24 09:09:45,346 DEBUG File D:\Programming\GRK\another batch\my_project\.drf\Lib\site-packages\django\forms\models.py first seen with mtime 1783309433.2001805
2026-07-24 09:09:45,346 DEBUG File D:\Programming\GRK\another batch\my_project\.drf\Lib\site-packages\charset_normalizer\models.py first seen with mtime 1783656782.5340338
2026-07-24 09:09:45,346 DEBUG File D:\Programming\GRK\another batch\my_project\.drf\Lib\site-packages\django\core\checks\security\csrf.py first seen with mtime 1783309433.0003226
2026-07-24 09:09:45,346 DEBUG File D:\Programming\GRK\another batch\my_project\.drf\Lib\site-packages\django\utils\deprecation.py first seen with mtime 1783309433.3915172
2026-07-24 09:09:45,346 DEBUG File C:\Users\vijay\AppData\Local\Programs\Python\Python311\Lib\email\mime\nonmultipart.py first seen with mtime 1712041974.0
2026-07-24 09:09:45,346 DEBUG File D:\Programming\GRK\another batch\my_project\.drf\Lib\site-packages\django\test\__init__.py first seen with mtime 1783309433.3612185
2026-07-24 09:09:45,346 DEBUG File C:\Users\vijay\AppData\Local\Programs\Python\Python311\Lib\unittest\result.py first seen with mtime 1712041974.0
2026-07-24 09:09:45,346 DEBUG File D:\Programming\GRK\another batch\my_project\.drf\Lib\site-packages\django\db\models\fields\json.py first seen with mtime 1783309433.1645198
2026-07-24 09:09:45,346 DEBUG File D:\Programming\GRK\another batch\my_project\.drf\Lib\site-packages\sqlparse\cli.py first seen with mtime 1783309427.6567433
2026-07-24 09:09:45,346 DEBUG File D:\Programming\GRK\another batch\my_project\.drf\Lib\site-packages\django\db\models\base.py first seen with mtime 1783309433.1451457
2026-07-24 09:09:45,346 DEBUG File C:\Users\vijay\AppData\Local\Programs\Python\Python311\Lib\concurrent\__init__.py first seen with mtime 1712041974.0
2026-07-24 09:09:45,346 DEBUG File D:\Programming\GRK\another batch\my_project\.drf\Lib\site-packages\django\utils\deconstruct.py first seen with mtime 1783309433.3890996
2026-07-24 09:09:45,347 DEBUG File C:\Users\vijay\AppData\Local\Programs\Python\Python311\Lib\asyncio\runners.py first seen with mtime 1712041974.0
2026-07-24 09:09:45,347 DEBUG File C:\Users\vijay\AppData\Local\Programs\Python\Python311\Lib\importlib\resources\_itertools.py first seen with mtime 1712041974.0
2026-07-24 09:09:45,347 DEBUG File C:\Users\vijay\AppData\Local\Programs\Python\Python311\Lib\socketserver.py first seen with mtime 1712041974.0
2026-07-24 09:09:45,347 DEBUG File C:\Users\vijay\AppData\Local\Programs\Python\Python311\Lib\enum.py first seen with mtime 1712041974.0
2026-07-24 09:09:45,347 DEBUG File C:\Users\vijay\AppData\Local\Programs\Python\Python311\Lib\http\__init__.py first seen with mtime 1712041974.0
2026-07-24 09:09:45,347 DEBUG File C:\Users\vijay\AppData\Local\Programs\Python\Python311\Lib\bz2.py first seen with mtime 1712041974.0
2026-07-24 09:09:45,347 DEBUG File C:\Users\vijay\AppData\Local\Programs\Python\Python311\Lib\email\mime\message.py first seen with mtime 1712041974.0
2026-07-24 09:09:45,347 DEBUG File C:\Users\vijay\AppData\Local\Programs\Python\Python311\Lib\operator.py first seen with mtime 1712041974.0
2026-07-24 09:09:45,347 DEBUG File D:\Programming\GRK\another batch\my_project\.drf\Lib\site-packages\rest_framework\reverse.py first seen with mtime 1783309448.3232472
2026-07-24 09:09:45,347 DEBUG File C:\Users\vijay\AppData\Local\Programs\Python\Python311\Lib\nturl2path.py first seen with mtime 1712041974.0
2026-07-24 09:09:45,347 DEBUG File D:\Programming\GRK\another batch\my_project\.drf\Lib\site-packages\django\utils\translation\__init__.py first seen with mtime 1783309433.412999
2026-07-24 09:09:45,347 DEBUG File C:\Users\vijay\AppData\Local\Programs\Python\Python311\DLLs\_decimal.pyd first seen with mtime 1712042000.0
2026-07-24 09:09:45,347 DEBUG File D:\Programming\GRK\another batch\my_project\.drf\Lib\site-packages\requests\_internal_utils.py first seen with mtime 1783656783.1067476
2026-07-24 09:09:45,347 DEBUG File C:\Users\vijay\AppData\Local\Programs\Python\Python311\Lib\importlib\resources\__init__.py first seen with mtime 1712041974.0
2026-07-24 09:09:45,348 DEBUG File C:\Users\vijay\AppData\Local\Programs\Python\Python311\DLLs\_lzma.pyd first seen with mtime 1712042000.0
2026-07-24 09:09:45,348 DEBUG File D:\Programming\GRK\another batch\my_project\.drf\Lib\site-packages\django\contrib\auth\hashers.py first seen with mtime 1783309430.3076649
2026-07-24 09:09:45,348 DEBUG File D:\Programming\GRK\another batch\my_project\.drf\Lib\site-packages\django\template\loader.py first seen with mtime 1783309433.3366995
2026-07-24 09:09:45,348 DEBUG File D:\Programming\GRK\another batch\my_project\.drf\Lib\site-packages\django\core\handlers\asgi.py first seen with mtime 1783309433.0211613
2026-07-24 09:09:45,348 DEBUG File D:\Programming\GRK\another batch\my_project\.drf\Lib\site-packages\django\template\loaders\base.py first seen with mtime 1783309433.3486633
2026-07-24 09:09:45,348 DEBUG File D:\Programming\GRK\another batch\my_project\.drf\Lib\site-packages\urllib3\util\wait.py first seen with mtime 1783656780.829217
2026-07-24 09:09:45,348 DEBUG File D:\Programming\GRK\another batch\my_project\.drf\Lib\site-packages\certifi\core.py first seen with mtime 1783656783.024741
2026-07-24 09:09:45,348 DEBUG File D:\Programming\GRK\another batch\my_project\.drf\Lib\site-packages\django\views\decorators\common.py first seen with mtime 1783309433.4282086
2026-07-24 09:09:45,348 DEBUG File C:\Users\vijay\AppData\Local\Programs\Python\Python311\Lib\http\cookiejar.py first seen with mtime 1712041974.0
2026-07-24 09:09:45,348 DEBUG File D:\Programming\GRK\another batch\my_project\.drf\Lib\site-packages\django\core\serializers\json.py first seen with mtime 1783309433.0633354
2026-07-24 09:09:45,348 DEBUG File D:\Programming\GRK\another batch\my_project\.drf\Lib\site-packages\urllib3\connection.py first seen with mtime 1783656780.8018904
2026-07-24 09:09:45,348 DEBUG File C:\Users\vijay\AppData\Local\Programs\Python\Python311\DLLs\_zoneinfo.pyd first seen with mtime 1712042000.0
2026-07-24 09:09:45,348 DEBUG File D:\Programming\GRK\another batch\my_project\.drf\Lib\site-packages\django\contrib\postgres\forms\array.py first seen with mtime 1783309431.9699683
2026-07-24 09:09:45,348 DEBUG File D:\Programming\GRK\another batch\my_project\.drf\Lib\site-packages\django\views\generic\edit.py first seen with mtime 1783309433.4370532
2026-07-24 09:09:45,349 DEBUG File D:\Programming\GRK\another batch\my_project\.drf\Lib\site-packages\django\contrib\contenttypes\__init__.py first seen with mtime 1783309430.6744158
2026-07-24 09:09:45,349 DEBUG File D:\Programming\GRK\another batch\my_project\.drf\Lib\site-packages\requests\certs.py first seen with mtime 1783656783.110779
2026-07-24 09:09:45,349 DEBUG File C:\Users\vijay\AppData\Local\Programs\Python\Python311\Lib\zoneinfo\_tzpath.py first seen with mtime 1712041974.0
2026-07-24 09:09:45,349 DEBUG File D:\Programming\GRK\another batch\my_project\.drf\Lib\site-packages\rest_framework_simplejwt\settings.py first seen with mtime 1784726175.3505828
2026-07-24 09:09:45,349 DEBUG File C:\Users\vijay\AppData\Local\Programs\Python\Python311\Lib\difflib.py first seen with mtime 1712041974.0
2026-07-24 09:09:45,349 DEBUG File D:\Programming\GRK\another batch\my_project\.drf\Lib\site-packages\django\core\files\storage\__init__.py first seen with mtime 1783309433.0156252
2026-07-24 09:09:45,349 DEBUG File D:\Programming\GRK\another batch\my_project\.drf\Lib\site-packages\django\db\models\manager.py first seen with mtime 1783309433.155543
2026-07-24 09:09:45,349 DEBUG File D:\Programming\GRK\another batch\my_project\.drf\Lib\site-packages\django\db\models\query_utils.py first seen with mtime 1783309433.1579058
2026-07-24 09:09:45,349 DEBUG File C:\Users\vijay\AppData\Local\Programs\Python\Python311\Lib\email\policy.py first seen with mtime 1712041974.0
2026-07-24 09:09:45,351 DEBUG File D:\Programming\GRK\another batch\my_project\.drf\Lib\site-packages\urllib3\util\response.py first seen with mtime 1783656780.8218832
2026-07-24 09:09:45,351 DEBUG File D:\Programming\GRK\another batch\my_project\.drf\Lib\site-packages\django\db\models\lookups.py first seen with mtime 1783309433.1544523
2026-07-24 09:09:45,351 DEBUG File D:\Programming\GRK\another batch\my_project\.drf\Lib\site-packages\django\contrib\admindocs\views.py first seen with mtime 1783309430.0008006
2026-07-24 09:09:45,351 DEBUG File C:\Users\vijay\AppData\Local\Programs\Python\Python311\Lib\zipfile.py first seen with mtime 1712041974.0
2026-07-24 09:09:45,351 DEBUG File C:\Users\vijay\AppData\Local\Programs\Python\Python311\Lib\string.py first seen with mtime 1712041974.0
2026-07-24 09:09:45,351 DEBUG File D:\Programming\GRK\another batch\my_project\.drf\Lib\site-packages\idna\core.py first seen with mtime 1783656781.8975723
2026-07-24 09:09:45,351 DEBUG File C:\Users\vijay\AppData\Local\Programs\Python\Python311\Lib\email\feedparser.py first seen with mtime 1712041974.0
2026-07-24 09:09:45,351 DEBUG File C:\Users\vijay\AppData\Local\Programs\Python\Python311\Lib\asyncio\coroutines.py first seen with mtime 1712041974.0
2026-07-24 09:09:45,351 DEBUG File D:\Programming\GRK\another batch\my_project\.drf\Lib\site-packages\django\utils\timezone.py first seen with mtime 1783309433.408265
2026-07-24 09:09:45,351 DEBUG File C:\Users\vijay\AppData\Local\Programs\Python\Python311\Lib\stringprep.py first seen with mtime 1712041974.0
2026-07-24 09:09:45,351 DEBUG File D:\Programming\GRK\another batch\my_project\.drf\Lib\site-packages\django\core\files\storage\handler.py first seen with mtime 1783309433.018087
2026-07-24 09:09:45,352 DEBUG File D:\Programming\GRK\another batch\my_project\.drf\Lib\site-packages\django\contrib\contenttypes\forms.py first seen with mtime 1783309430.6786487
2026-07-24 09:09:45,352 DEBUG File D:\Programming\GRK\another batch\my_project\.drf\Lib\site-packages\django\db\models\fields\related_lookups.py first seen with mtime 1783309433.1703181
2026-07-24 09:09:45,352 DEBUG File C:\Users\vijay\AppData\Local\Programs\Python\Python311\Lib\asyncio\transports.py first seen with mtime 1712041974.0
2026-07-24 09:09:45,352 DEBUG File D:\Programming\GRK\another batch\my_project\.drf\Lib\site-packages\django\core\checks\security\sessions.py first seen with mtime 1783309433.0014932
2026-07-24 09:09:45,352 DEBUG File D:\Programming\GRK\another batch\my_project\.drf\Lib\site-packages\django\core\management\color.py first seen with mtime 1783309433.0340347
2026-07-24 09:09:45,352 DEBUG File C:\Users\vijay\AppData\Local\Programs\Python\Python311\Lib\calendar.py first seen with mtime 1712041974.0
2026-07-24 09:09:45,352 DEBUG File D:\Programming\GRK\another batch\my_project\.drf\Lib\site-packages\django\contrib\staticfiles\finders.py first seen with mtime 1783309432.9571228
2026-07-24 09:09:45,353 DEBUG File D:\Programming\GRK\another batch\my_project\.drf\Lib\site-packages\django\utils\text.py first seen with mtime 1783309433.405938
2026-07-24 09:09:45,353 DEBUG File C:\Users\vijay\AppData\Local\Programs\Python\Python311\Lib\xml\__init__.py first seen with mtime 1712041974.0
2026-07-24 09:09:45,353 DEBUG File D:\Programming\GRK\another batch\my_project\.drf\Lib\site-packages\django\contrib\sessions\backends\__init__.py first seen with mtime 1783309432.4469204
2026-07-24 09:09:45,353 DEBUG File D:\Programming\GRK\another batch\my_project\.drf\Lib\site-packages\django\forms\renderers.py first seen with mtime 1783309433.2014253
2026-07-24 09:09:45,353 DEBUG File C:\Users\vijay\AppData\Local\Programs\Python\Python311\Lib\zoneinfo\_common.py first seen with mtime 1712041974.0
2026-07-24 09:09:45,353 DEBUG File D:\Programming\GRK\another batch\my_project\.drf\Lib\site-packages\django\forms\widgets.py first seen with mtime 1783309433.202593
2026-07-24 09:09:45,353 DEBUG File D:\Programming\GRK\another batch\my_project\.drf\Lib\site-packages\django\contrib\contenttypes\fields.py first seen with mtime 1783309430.6776407
2026-07-24 09:09:45,353 DEBUG File C:\Users\vijay\AppData\Local\Programs\Python\Python311\Lib\xml\dom\xmlbuilder.py first seen with mtime 1712041974.0
2026-07-24 09:09:45,353 DEBUG File D:\Programming\GRK\another batch\my_project\.drf\Lib\site-packages\requests\models.py first seen with mtime 1783656783.115785
2026-07-24 09:09:45,354 DEBUG File D:\Programming\GRK\another batch\my_project\.drf\Lib\site-packages\rest_framework\schemas\openapi.py first seen with mtime 1783309448.47823
2026-07-24 09:09:45,354 DEBUG File C:\Users\vijay\AppData\Local\Programs\Python\Python311\Lib\wsgiref\__init__.py first seen with mtime 1712041974.0
2026-07-24 09:09:45,354 DEBUG File D:\Programming\GRK\another batch\my_project\.drf\Lib\site-packages\django\contrib\staticfiles\__init__.py first seen with mtime 1783309432.9548357
2026-07-24 09:09:45,354 DEBUG File D:\Programming\GRK\another batch\my_project\.drf\Lib\site-packages\urllib3\__init__.py first seen with mtime 1783656780.7970624
2026-07-24 09:09:45,354 DEBUG File D:\Programming\GRK\another batch\my_project\.drf\Lib\site-packages\requests\hooks.py first seen with mtime 1783656783.1147804
2026-07-24 09:09:45,354 DEBUG File D:\Programming\GRK\another batch\my_project\Hospital\User\serializers.py first seen with mtime 1784689906.0826032
2026-07-24 09:09:45,354 DEBUG File D:\Programming\GRK\another batch\my_project\.drf\Lib\site-packages\django\utils\cache.py first seen with mtime 1783309433.3823307
2026-07-24 09:09:45,354 DEBUG File D:\Programming\GRK\another batch\my_project\.drf\Lib\site-packages\django\core\cache\utils.py first seen with mtime 1783309432.9796588
2026-07-24 09:09:45,354 DEBUG File D:\Programming\GRK\another batch\my_project\.drf\Lib\site-packages\sqlparse\filters\reindent.py first seen with mtime 1783309427.671676
2026-07-24 09:09:45,354 DEBUG File D:\Programming\GRK\another batch\my_project\Hospital\UserReg\validators.py first seen with mtime 1784000477.8326275
2026-07-24 09:09:45,354 DEBUG File D:\Programming\GRK\another batch\my_project\.drf\Lib\site-packages\django\contrib\auth\backends.py first seen with mtime 1783309430.3004546
2026-07-24 09:09:45,354 DEBUG File C:\Users\vijay\AppData\Local\Programs\Python\Python311\Lib\encodings\utf_8.py first seen with mtime 1712041974.0
2026-07-24 09:09:45,354 DEBUG File D:\Programming\GRK\another batch\my_project\Hospital\User\__init__.py first seen with mtime 1784258035.2801619
2026-07-24 09:09:45,354 DEBUG File C:\Users\vijay\AppData\Local\Programs\Python\Python311\Lib\asyncio\staggered.py first seen with mtime 1712041974.0
2026-07-24 09:09:45,355 DEBUG File D:\Programming\GRK\another batch\my_project\.drf\Lib\site-packages\rest_framework\__init__.py first seen with mtime 1783309448.3041813
2026-07-24 09:09:45,355 DEBUG File D:\Programming\GRK\another batch\my_project\.drf\Lib\site-packages\django\core\management\commands\__init__.py first seen with mtime 1783309433.0372958
2026-07-24 09:09:45,355 DEBUG File C:\Users\vijay\AppData\Local\Programs\Python\Python311\Lib\gettext.py first seen with mtime 1712041974.0
2026-07-24 09:09:45,355 DEBUG File D:\Programming\GRK\another batch\my_project\.drf\Lib\site-packages\charset_normalizer\api.py first seen with mtime 1783656782.5280051
2026-07-24 09:09:45,355 DEBUG File D:\Programming\GRK\another batch\my_project\.drf\Lib\site-packages\django\db\models\functions\datetime.py first seen with mtime 1783309433.174493
2026-07-24 09:09:45,355 DEBUG File D:\Programming\GRK\another batch\my_project\Hospital\User\authentication.py first seen with mtime 1784779064.4456158
2026-07-24 09:09:45,355 DEBUG File D:\Programming\GRK\another batch\my_project\.drf\Lib\site-packages\charset_normalizer\cd.cp311-win_amd64.pyd first seen with mtime 1783656782.5290031
2026-07-24 09:09:45,355 DEBUG File D:\Programming\GRK\another batch\my_project\.drf\Lib\site-packages\django\db\backends\__init__.py first seen with mtime 1783309433.0721092
2026-07-24 09:09:45,355 DEBUG File C:\Users\vijay\AppData\Local\Programs\Python\Python311\Lib\keyword.py first seen with mtime 1712041974.0
2026-07-24 09:09:45,355 DEBUG File D:\Programming\GRK\another batch\my_project\.drf\Lib\site-packages\rest_framework\utils\json.py first seen with mtime 1783309448.580549
2026-07-24 09:09:45,355 DEBUG File D:\Programming\GRK\another batch\my_project\.drf\Lib\site-packages\django\core\management\base.py first seen with mtime 1783309433.03257
2026-07-24 09:09:45,355 DEBUG File D:\Programming\GRK\another batch\my_project\.drf\Lib\site-packages\django\db\models\fields\mixins.py first seen with mtime 1783309433.165618
2026-07-24 09:09:45,355 DEBUG File D:\Programming\GRK\another batch\my_project\.drf\Lib\site-packages\urllib3\util\ssl_match_hostname.py first seen with mtime 1783656780.8253384
2026-07-24 09:09:45,355 DEBUG File D:\Programming\GRK\another batch\my_project\.drf\Lib\site-packages\django\core\checks\database.py first seen with mtime 1783309432.9902275
2026-07-24 09:09:45,356 DEBUG File D:\Programming\GRK\another batch\my_project\.drf\Lib\site-packages\django\core\checks\files.py first seen with mtime 1783309432.991331
2026-07-24 09:09:45,356 DEBUG File D:\Programming\GRK\another batch\my_project\.drf\Lib\site-packages\django\template\loaders\__init__.py first seen with mtime 1783309433.346109
2026-07-24 09:09:45,356 DEBUG File D:\Programming\GRK\another batch\my_project\.drf\Lib\site-packages\MySQLdb\release.py first seen with mtime 1783568427.2445502
2026-07-24 09:09:45,356 DEBUG File D:\Programming\GRK\another batch\my_project\.drf\Lib\site-packages\django\utils\_os.py first seen with mtime 1783309433.3787744
2026-07-24 09:09:45,356 DEBUG File D:\Programming\GRK\another batch\my_project\Hospital\User\utilities.py first seen with mtime 1784777086.5822494
2026-07-24 09:09:45,356 DEBUG File C:\Users\vijay\AppData\Local\Programs\Python\Python311\Lib\signal.py first seen with mtime 1712041974.0
2026-07-24 09:09:45,356 DEBUG File D:\Programming\GRK\another batch\my_project\.drf\Lib\site-packages\urllib3\fields.py first seen with mtime 1783656780.8043532
2026-07-24 09:09:45,356 DEBUG File D:\Programming\GRK\another batch\my_project\.drf\Lib\site-packages\django\contrib\staticfiles\utils.py first seen with mtime 1783309432.9630082
2026-07-24 09:09:45,356 DEBUG File C:\Users\vijay\AppData\Local\Programs\Python\Python311\Lib\secrets.py first seen with mtime 1712041974.0
2026-07-24 09:09:45,356 DEBUG File C:\Users\vijay\AppData\Local\Programs\Python\Python311\Lib\unittest\main.py first seen with mtime 1712041974.0
2026-07-24 09:09:45,356 DEBUG File D:\Programming\GRK\another batch\my_project\.drf\Lib\site-packages\django\forms\formsets.py first seen with mtime 1783309433.199095
2026-07-24 09:09:45,356 DEBUG File C:\Users\vijay\AppData\Local\Programs\Python\Python311\Lib\typing.py first seen with mtime 1712041974.0
2026-07-24 09:09:45,356 DEBUG File C:\Users\vijay\AppData\Local\Programs\Python\Python311\Lib\selectors.py first seen with mtime 1712041974.0
2026-07-24 09:09:45,356 DEBUG File C:\Users\vijay\AppData\Local\Programs\Python\Python311\Lib\hmac.py first seen with mtime 1712041974.0
2026-07-24 09:09:45,356 DEBUG File C:\Users\vijay\AppData\Local\Programs\Python\Python311\Lib\asyncio\base_subprocess.py first seen with mtime 1712041974.0
2026-07-24 09:09:45,357 DEBUG File C:\Users\vijay\AppData\Local\Programs\Python\Python311\Lib\importlib\resources\_legacy.py first seen with mtime 1712041974.0
2026-07-24 09:09:45,357 DEBUG File D:\Programming\GRK\another batch\my_project\.drf\Lib\site-packages\rest_framework\apps.py first seen with mtime 1783309448.3052862
2026-07-24 09:09:45,357 DEBUG File D:\Programming\GRK\another batch\my_project\.drf\Lib\site-packages\rest_framework\fields.py first seen with mtime 1783309448.3107822
2026-07-24 09:09:45,357 DEBUG File D:\Programming\GRK\another batch\my_project\.drf\Lib\site-packages\django\core\files\storage\filesystem.py first seen with mtime 1783309433.016901
2026-07-24 09:09:45,357 DEBUG File D:\Programming\GRK\another batch\my_project\.drf\Lib\site-packages\django\core\mail\message.py first seen with mtime 1783309433.0251298
2026-07-24 09:09:45,357 DEBUG File D:\Programming\GRK\another batch\my_project\.drf\Lib\site-packages\rest_framework\templatetags\rest_framework.py first seen with mtime 1783309448.5693398
2026-07-24 09:09:45,357 DEBUG File C:\Users\vijay\AppData\Local\Programs\Python\Python311\Lib\collections\__init__.py first seen with mtime 1712041974.0
2026-07-24 09:09:45,357 DEBUG File C:\Users\vijay\AppData\Local\Programs\Python\Python311\Lib\unittest\signals.py first seen with mtime 1712041974.0
2026-07-24 09:09:45,357 DEBUG File C:\Users\vijay\AppData\Local\Programs\Python\Python311\Lib\asyncio\locks.py first seen with mtime 1712041974.0
2026-07-24 09:09:45,357 DEBUG File D:\Programming\GRK\another batch\my_project\.drf\Lib\site-packages\django\db\migrations\operations\special.py first seen with mtime 1783309433.1419177
2026-07-24 09:09:45,357 DEBUG File C:\Users\vijay\AppData\Local\Programs\Python\Python311\Lib\urllib\response.py first seen with mtime 1712041974.0
2026-07-24 09:09:45,357 DEBUG File D:\Programming\GRK\another batch\my_project\.drf\Lib\site-packages\django\contrib\staticfiles\views.py first seen with mtime 1783309432.9630082
2026-07-24 09:09:45,357 DEBUG File C:\Users\vijay\AppData\Local\Programs\Python\Python311\Lib\traceback.py first seen with mtime 1712041974.0
2026-07-24 09:09:45,357 DEBUG File D:\Programming\GRK\another batch\my_project\.drf\Lib\site-packages\django\core\signals.py first seen with mtime 1783309432.9747312
2026-07-24 09:09:45,358 DEBUG File C:\Users\vijay\AppData\Local\Programs\Python\Python311\Lib\subprocess.py first seen with mtime 1712041974.0
2026-07-24 09:09:45,358 DEBUG File C:\Users\vijay\AppData\Local\Programs\Python\Python311\Lib\zoneinfo\__init__.py first seen with mtime 1712041974.0
2026-07-24 09:09:45,358 DEBUG File D:\Programming\GRK\another batch\my_project\.drf\Lib\site-packages\idna\intranges.py first seen with mtime 1783656781.8988204
2026-07-24 09:09:45,358 DEBUG File D:\Programming\GRK\another batch\my_project\.drf\Lib\site-packages\django\middleware\security.py first seen with mtime 1783309433.3266032
2026-07-24 09:09:45,358 DEBUG File D:\Programming\GRK\another batch\my_project\.drf\Lib\site-packages\django\contrib\admin\decorators.py first seen with mtime 1783309429.2552514
2026-07-24 09:09:45,358 DEBUG File D:\Programming\GRK\another batch\my_project\.drf\Lib\site-packages\django\contrib\staticfiles\management\commands\__init__.py first seen with mtime 1783309432.9653718
2026-07-24 09:09:45,358 DEBUG File C:\Users\vijay\AppData\Local\Programs\Python\Python311\Lib\warnings.py first seen with mtime 1712041974.0
2026-07-24 09:09:45,358 DEBUG File C:\Users\vijay\AppData\Local\Programs\Python\Python311\Lib\_compat_pickle.py first seen with mtime 1712041974.0
2026-07-24 09:09:45,358 DEBUG File C:\Users\vijay\AppData\Local\Programs\Python\Python311\Lib\logging\__init__.py first seen with mtime 1712041974.0
2026-07-24 09:09:45,358 DEBUG File D:\Programming\GRK\another batch\my_project\.drf\Lib\site-packages\django\db\migrations\__init__.py first seen with mtime 1783309433.1255133
2026-07-24 09:09:45,358 DEBUG File D:\Programming\GRK\another batch\my_project\.drf\Lib\site-packages\django\core\cache\backends\filebased.py first seen with mtime 1783309432.9832268
2026-07-24 09:09:45,358 DEBUG File D:\Programming\GRK\another batch\my_project\.drf\Lib\site-packages\django\db\backends\base\introspection.py first seen with mtime 1783309433.08128
2026-07-24 09:09:45,358 DEBUG File D:\Programming\GRK\another batch\my_project\.drf\Lib\site-packages\django\dispatch\__init__.py first seen with mtime 1783309433.191847
2026-07-24 09:09:45,358 DEBUG File D:\Programming\GRK\another batch\my_project\.drf\Lib\site-packages\rest_framework\utils\formatting.py first seen with mtime 1783309448.575773
2026-07-24 09:09:45,359 DEBUG File D:\Programming\GRK\another batch\my_project\.drf\Lib\site-packages\MySQLdb\constants\FIELD_TYPE.py first seen with mtime 1783568427.247552
2026-07-24 09:09:45,359 DEBUG File C:\Users\vijay\AppData\Local\Programs\Python\Python311\Lib\re\_casefix.py first seen with mtime 1712041974.0
2026-07-24 09:09:45,359 DEBUG File D:\Programming\GRK\another batch\my_project\.drf\Lib\site-packages\django\contrib\auth\apps.py first seen with mtime 1783309430.299442
2026-07-24 09:09:45,359 DEBUG File D:\Programming\GRK\another batch\my_project\.drf\Lib\site-packages\django\contrib\admin\utils.py first seen with mtime 1783309429.2657013
2026-07-24 09:09:45,359 DEBUG File D:\Programming\GRK\another batch\my_project\.drf\Lib\site-packages\rest_framework\metadata.py first seen with mtime 1783309448.3147666
2026-07-24 09:09:45,359 DEBUG File C:\Users\vijay\AppData\Local\Programs\Python\Python311\Lib\importlib\resources\_adapters.py first seen with mtime 1712041974.0
2026-07-24 09:09:45,359 DEBUG File D:\Programming\GRK\another batch\my_project\.drf\Lib\site-packages\django\contrib\auth\checks.py first seen with mtime 1783309430.3017852
2026-07-24 09:09:45,359 DEBUG File D:\Programming\GRK\another batch\my_project\.drf\Lib\site-packages\django\db\models\options.py first seen with mtime 1783309433.155543
2026-07-24 09:09:45,359 DEBUG File C:\Users\vijay\AppData\Local\Programs\Python\Python311\Lib\email\quoprimime.py first seen with mtime 1712041974.0
2026-07-24 09:09:45,359 DEBUG File D:\Programming\GRK\another batch\my_project\.drf\Lib\site-packages\django\core\files\__init__.py first seen with mtime 1783309433.002773
2026-07-24 09:09:45,359 DEBUG File D:\Programming\GRK\another batch\my_project\.drf\Lib\site-packages\django\contrib\postgres\lookups.py first seen with mtime 1783309431.9519863
2026-07-24 09:09:45,359 DEBUG File D:\Programming\GRK\another batch\my_project\.drf\Lib\site-packages\django\db\backends\mysql\introspection.py first seen with mtime 1783309433.0951736
2026-07-24 09:09:45,359 DEBUG File C:\Users\vijay\AppData\Local\Programs\Python\Python311\Lib\importlib\metadata\_itertools.py first seen with mtime 1712041974.0
2026-07-24 09:09:45,359 DEBUG File D:\Programming\GRK\another batch\my_project\.drf\Lib\site-packages\requests\api.py first seen with mtime 1783656783.1097877
2026-07-24 09:09:45,360 DEBUG File C:\Users\vijay\AppData\Local\Programs\Python\Python311\Lib\re\_parser.py first seen with mtime 1712041974.0
2026-07-24 09:09:45,360 DEBUG File D:\Programming\GRK\another batch\my_project\.drf\Lib\site-packages\django\contrib\messages\storage\base.py first seen with mtime 1783309431.9419124
2026-07-24 09:09:45,360 DEBUG File D:\Programming\GRK\another batch\my_project\.drf\Lib\site-packages\django\db\models\aggregates.py first seen with mtime 1783309433.1441467
2026-07-24 09:09:45,360 DEBUG File D:\Programming\GRK\another batch\my_project\.drf\Lib\site-packages\django\db\models\fields\related_descriptors.py first seen with mtime 1783309433.169109
2026-07-24 09:09:45,360 DEBUG File C:\Users\vijay\AppData\Local\Programs\Python\Python311\Lib\random.py first seen with mtime 1712041974.0
2026-07-24 09:09:45,360 DEBUG File D:\Programming\GRK\another batch\my_project\.drf\Lib\site-packages\django\db\models\deletion.py first seen with mtime 1783309433.1499329
2026-07-24 09:09:45,360 DEBUG File D:\Programming\GRK\another batch\my_project\.drf\Lib\site-packages\django\utils\html.py first seen with mtime 1783309433.3965259
2026-07-24 09:09:45,360 DEBUG File C:\Users\vijay\AppData\Local\Programs\Python\Python311\Lib\linecache.py first seen with mtime 1712041974.0
2026-07-24 09:09:45,360 DEBUG File D:\Programming\GRK\another batch\my_project\.drf\Lib\site-packages\django\db\migrations\utils.py first seen with mtime 1783309433.1373022
2026-07-24 09:09:45,360 DEBUG File C:\Users\vijay\AppData\Local\Programs\Python\Python311\Lib\datetime.py first seen with mtime 1712041974.0
2026-07-24 09:09:45,360 DEBUG File D:\Programming\GRK\another batch\my_project\.drf\Lib\site-packages\django\db\backends\mysql\schema.py first seen with mtime 1783309433.0974622
2026-07-24 09:09:45,360 DEBUG File D:\Programming\GRK\another batch\my_project\Hospital\UserReg\admin.py first seen with mtime 1783481012.9440887
2026-07-24 09:09:45,360 DEBUG File D:\Programming\GRK\another batch\my_project\.drf\Lib\site-packages\django\db\models\sql\__init__.py first seen with mtime 1783309433.181256
2026-07-24 09:09:45,360 DEBUG File D:\Programming\GRK\another batch\my_project\.drf\Lib\site-packages\django\utils\crypto.py first seen with mtime 1783309433.3853402
2026-07-24 09:09:45,360 DEBUG File D:\Programming\GRK\another batch\my_project\.drf\Lib\site-packages\django\contrib\sessions\base_session.py first seen with mtime 1783309432.441927
2026-07-24 09:09:45,361 DEBUG File D:\Programming\GRK\another batch\my_project\.drf\Lib\site-packages\django\template\loaders\filesystem.py first seen with mtime 1783309433.3510075
2026-07-24 09:09:45,361 DEBUG File D:\Programming\GRK\another batch\my_project\.drf\Lib\site-packages\django\db\models\functions\comparison.py first seen with mtime 1783309433.174493
2026-07-24 09:09:45,361 DEBUG File D:\Programming\GRK\another batch\my_project\.drf\Lib\site-packages\rest_framework\utils\field_mapping.py first seen with mtime 1783309448.5747728
2026-07-24 09:09:45,361 DEBUG File D:\Programming\GRK\another batch\my_project\.drf\Lib\site-packages\sqlparse\engine\__init__.py first seen with mtime 1783309427.6646535
2026-07-24 09:09:45,361 DEBUG File D:\Programming\GRK\another batch\my_project\.drf\Lib\site-packages\django\template\base.py first seen with mtime 1783309433.32902
2026-07-24 09:09:45,361 DEBUG File C:\Users\vijay\AppData\Local\Programs\Python\Python311\Lib\importlib\metadata\__init__.py first seen with mtime 1712041974.0
2026-07-24 09:09:45,361 DEBUG File D:\Programming\GRK\another batch\my_project\.drf\Lib\site-packages\urllib3\util\proxy.py first seen with mtime 1783656780.8208747
2026-07-24 09:09:45,361 DEBUG File C:\Users\vijay\AppData\Local\Programs\Python\Python311\Lib\http\client.py first seen with mtime 1712041974.0
2026-07-24 09:09:45,361 DEBUG File D:\Programming\GRK\another batch\my_project\.drf\Lib\site-packages\django\contrib\auth\base_user.py first seen with mtime 1783309430.3004546
2026-07-24 09:09:45,361 DEBUG File C:\Users\vijay\AppData\Local\Programs\Python\Python311\Lib\email\message.py first seen with mtime 1712041974.0
2026-07-24 09:09:45,361 DEBUG File D:\Programming\GRK\another batch\my_project\.drf\Lib\site-packages\django\db\migrations\migration.py first seen with mtime 1783309433.1320477
2026-07-24 09:09:45,361 DEBUG File C:\Users\vijay\AppData\Local\Programs\Python\Python311\Lib\urllib\error.py first seen with mtime 1712041974.0
2026-07-24 09:09:45,361 DEBUG File D:\Programming\GRK\another batch\my_project\.drf\Lib\site-packages\django\db\migrations\questioner.py first seen with mtime 1783309433.1339087
2026-07-24 09:09:45,361 DEBUG File D:\Programming\GRK\another batch\my_project\.drf\Lib\site-packages\django\middleware\cache.py first seen with mtime 1783309433.3190956
2026-07-24 09:09:45,362 DEBUG File D:\Programming\GRK\another batch\my_project\Hospital\UserReg\serializers.py first seen with mtime 1784000180.7822733
2026-07-24 09:09:45,362 DEBUG File D:\Programming\GRK\another batch\my_project\.drf\Lib\site-packages\rest_framework\validators.py first seen with mtime 1783309448.335174
2026-07-24 09:09:45,362 DEBUG File D:\Programming\GRK\another batch\my_project\Hospital\User\validators.py first seen with mtime 1784519720.1968563
2026-07-24 09:09:45,362 DEBUG File D:\Programming\GRK\another batch\my_project\.drf\Lib\site-packages\django\apps\__init__.py first seen with mtime 1783309428.741879
2026-07-24 09:09:45,362 DEBUG File D:\Programming\GRK\another batch\my_project\.drf\Lib\site-packages\django\contrib\admin\templatetags\admin_list.py first seen with mtime 1783309429.987953
2026-07-24 09:09:45,362 DEBUG File D:\Programming\GRK\another batch\my_project\.drf\Lib\site-packages\django\db\backends\base\base.py first seen with mtime 1783309433.074534
2026-07-24 09:09:45,362 DEBUG File D:\Programming\GRK\another batch\my_project\.drf\Lib\site-packages\django\templatetags\static.py first seen with mtime 1783309433.358274
2026-07-24 09:09:45,362 DEBUG File C:\Users\vijay\AppData\Local\Programs\Python\Python311\Lib\email\_parseaddr.py first seen with mtime 1712041974.0
2026-07-24 09:09:45,362 DEBUG File C:\Users\vijay\AppData\Local\Programs\Python\Python311\Lib\unittest\mock.py first seen with mtime 1712041974.0
2026-07-24 09:09:45,362 DEBUG File D:\Programming\GRK\another batch\my_project\.drf\Lib\site-packages\django\contrib\contenttypes\models.py first seen with mtime 1783309430.6801207
2026-07-24 09:09:45,362 DEBUG File C:\Users\vijay\AppData\Local\Programs\Python\Python311\Lib\encodings\idna.py first seen with mtime 1712041974.0
2026-07-24 09:09:45,362 DEBUG File D:\Programming\GRK\another batch\my_project\.drf\Lib\site-packages\django\core\checks\security\base.py first seen with mtime 1783309433.0003226
2026-07-24 09:09:45,362 DEBUG File D:\Programming\GRK\another batch\my_project\.drf\Lib\site-packages\django\contrib\admin\views\__init__.py first seen with mtime 1783309429.9927933
2026-07-24 09:09:45,362 DEBUG File D:\Programming\GRK\another batch\my_project\.drf\Lib\site-packages\django\template\defaulttags.py first seen with mtime 1783309433.3335164
2026-07-24 09:09:45,362 DEBUG File C:\Users\vijay\AppData\Local\Programs\Python\Python311\Lib\types.py first seen with mtime 1712041974.0
2026-07-24 09:09:45,363 DEBUG File C:\Users\vijay\AppData\Local\Programs\Python\Python311\Lib\threading.py first seen with mtime 1712041974.0
2026-07-24 09:09:45,363 DEBUG File D:\Programming\GRK\another batch\my_project\.drf\Lib\site-packages\requests\cookies.py first seen with mtime 1783656783.1127813
2026-07-24 09:09:45,363 DEBUG File D:\Programming\GRK\another batch\my_project\.drf\Lib\site-packages\django\core\files\move.py first seen with mtime 1783309433.0069895
2026-07-24 09:09:45,363 DEBUG File D:\Programming\GRK\another batch\my_project\.drf\Lib\site-packages\django\contrib\messages\__init__.py first seen with mtime 1783309431.9349053
2026-07-24 09:09:45,363 DEBUG File C:\Users\vijay\AppData\Local\Programs\Python\Python311\Lib\inspect.py first seen with mtime 1712041974.0
2026-07-24 09:09:45,363 DEBUG File D:\Programming\GRK\another batch\my_project\.drf\Lib\site-packages\django\db\backends\mysql\base.py first seen with mtime 1783309433.090613
2026-07-24 09:09:45,363 DEBUG File C:\Users\vijay\AppData\Local\Programs\Python\Python311\Lib\fnmatch.py first seen with mtime 1712041974.0
2026-07-24 09:09:45,363 DEBUG File D:\Programming\GRK\another batch\my_project\.drf\Lib\site-packages\django\contrib\admin\views\decorators.py first seen with mtime 1783309429.9938004
2026-07-24 09:09:45,363 DEBUG File D:\Programming\GRK\another batch\my_project\.drf\Lib\site-packages\django\core\mail\__init__.py first seen with mtime 1783309433.0237079
2026-07-24 09:09:45,363 DEBUG File C:\Users\vijay\AppData\Local\Programs\Python\Python311\Lib\http\server.py first seen with mtime 1712041974.0
2026-07-24 09:09:45,363 DEBUG File C:\Users\vijay\AppData\Local\Programs\Python\Python311\Lib\importlib\abc.py first seen with mtime 1712041974.0
2026-07-24 09:09:45,363 DEBUG File D:\Programming\GRK\another batch\my_project\.drf\Lib\site-packages\django\contrib\postgres\search.py first seen with mtime 1783309431.954405
2026-07-24 09:09:45,363 DEBUG File D:\Programming\GRK\another batch\my_project\.drf\Lib\site-packages\MySQLdb\_exceptions.py first seen with mtime 1783568427.2377427
2026-07-24 09:09:45,363 DEBUG File D:\Programming\GRK\another batch\my_project\.drf\Lib\site-packages\django\template\loaders\app_directories.py first seen with mtime 1783309433.3474195
2026-07-24 09:09:45,364 DEBUG File D:\Programming\GRK\another batch\my_project\.drf\Lib\site-packages\rest_framework_simplejwt\exceptions.py first seen with mtime 1784726175.347584
2026-07-24 09:09:45,364 DEBUG File D:\Programming\GRK\another batch\my_project\.drf\Lib\site-packages\django\middleware\common.py first seen with mtime 1783309433.3205132
2026-07-24 09:09:45,364 DEBUG File D:\Programming\GRK\another batch\my_project\.drf\Lib\site-packages\rest_framework\request.py first seen with mtime 1783309448.322026
2026-07-24 09:09:45,364 DEBUG File D:\Programming\GRK\another batch\my_project\.drf\Lib\site-packages\rest_framework\status.py first seen with mtime 1783309448.326738
2026-07-24 09:09:45,364 DEBUG File D:\Programming\GRK\another batch\my_project\.drf\Lib\site-packages\sqlparse\exceptions.py first seen with mtime 1783309427.6579235
2026-07-24 09:09:45,364 DEBUG File C:\Users\vijay\AppData\Local\Programs\Python\Python311\Lib\tempfile.py first seen with mtime 1712041974.0
2026-07-24 09:09:45,364 DEBUG File D:\Programming\GRK\another batch\my_project\.drf\Lib\site-packages\sqlparse\filters\right_margin.py first seen with mtime 1783309427.6728256
2026-07-24 09:09:45,364 DEBUG File D:\Programming\GRK\another batch\my_project\.drf\Lib\site-packages\django\contrib\__init__.py first seen with mtime 1783309429.2486165
2026-07-24 09:09:45,364 DEBUG File D:\Programming\GRK\another batch\my_project\.drf\Lib\site-packages\django\views\generic\__init__.py first seen with mtime 1783309433.432696
2026-07-24 09:09:45,364 DEBUG File D:\Programming\GRK\another batch\my_project\.drf\Lib\site-packages\django\views\defaults.py first seen with mtime 1783309433.421666
2026-07-24 09:09:45,364 DEBUG File D:\Programming\GRK\another batch\my_project\.drf\Lib\site-packages\django\conf\global_settings.py first seen with mtime 1783309428.7457578
2026-07-24 09:09:45,364 DEBUG File D:\Programming\GRK\another batch\my_project\.drf\Lib\site-packages\django\contrib\contenttypes\admin.py first seen with mtime 1783309430.6754146
2026-07-24 09:09:45,364 DEBUG File C:\Users\vijay\AppData\Local\Programs\Python\Python311\Lib\asyncio\selector_events.py first seen with mtime 1712041974.0
2026-07-24 09:09:45,364 DEBUG File D:\Programming\GRK\another batch\my_project\.drf\Lib\site-packages\requests\adapters.py first seen with mtime 1783656783.1077473
2026-07-24 09:09:45,365 DEBUG File C:\Users\vijay\AppData\Local\Programs\Python\Python311\Lib\tokenize.py first seen with mtime 1712041974.0
2026-07-24 09:09:45,365 DEBUG File D:\Programming\GRK\another batch\my_project\.drf\Lib\site-packages\django\core\handlers\exception.py first seen with mtime 1783309433.0224507
2026-07-24 09:09:45,365 DEBUG File D:\Programming\GRK\another batch\my_project\Hospital\User\models.py first seen with mtime 1784862972.9897923
2026-07-24 09:09:45,365 DEBUG File D:\Programming\GRK\another batch\my_project\.drf\Lib\site-packages\django\utils\asyncio.py first seen with mtime 1783309433.3799763
2026-07-24 09:09:45,365 DEBUG File C:\Users\vijay\AppData\Local\Programs\Python\Python311\Lib\unittest\runner.py first seen with mtime 1712041974.0
2026-07-24 09:09:45,366 DEBUG File D:\Programming\GRK\another batch\my_project\Hospital\UserReg\views.py first seen with mtime 1784789556.6267948
2026-07-24 09:09:45,366 DEBUG File D:\Programming\GRK\another batch\my_project\.drf\Lib\site-packages\django\contrib\messages\apps.py first seen with mtime 1783309431.936103
2026-07-24 09:09:45,366 DEBUG File D:\Programming\GRK\another batch\my_project\.drf\Lib\site-packages\urllib3\util\__init__.py first seen with mtime 1783656780.8197365
2026-07-24 09:09:45,366 DEBUG File C:\Users\vijay\AppData\Local\Programs\Python\Python311\Lib\xml\dom\NodeFilter.py first seen with mtime 1712041974.0
2026-07-24 09:09:45,366 DEBUG File D:\Programming\GRK\another batch\my_project\.drf\Lib\site-packages\rest_framework\schemas\generators.py first seen with mtime 1783309448.4748557
2026-07-24 09:09:45,366 DEBUG File D:\Programming\GRK\another batch\my_project\.drf\Lib\site-packages\django\urls\conf.py first seen with mtime 1783309433.373126
2026-07-24 09:09:45,366 DEBUG File C:\Users\vijay\AppData\Local\Programs\Python\Python311\Lib\ssl.py first seen with mtime 1712041974.0
2026-07-24 09:09:45,367 DEBUG File D:\Programming\GRK\another batch\my_project\.drf\Lib\site-packages\django\core\handlers\wsgi.py first seen with mtime 1783309433.0237079
2026-07-24 09:09:45,367 DEBUG File D:\Programming\GRK\another batch\my_project\.drf\Lib\site-packages\django\core\mail\utils.py first seen with mtime 1783309433.0251298
2026-07-24 09:09:45,367 DEBUG File C:\Users\vijay\AppData\Local\Programs\Python\Python311\DLLs\_asyncio.pyd first seen with mtime 1712042000.0
2026-07-24 09:09:45,367 DEBUG File D:\Programming\GRK\another batch\my_project\.drf\Lib\site-packages\django\template\backends\django.py first seen with mtime 1783309433.3425338
2026-07-24 09:09:45,367 DEBUG File D:\Programming\GRK\another batch\my_project\.drf\Lib\site-packages\django\urls\converters.py first seen with mtime 1783309433.37428
2026-07-24 09:09:45,367 DEBUG File D:\Programming\GRK\another batch\my_project\Hospital\Hospital\settings.py first seen with mtime 1784864378.6446812
2026-07-24 09:09:45,367 DEBUG File D:\Programming\GRK\another batch\my_project\.drf\Lib\site-packages\django\contrib\sites\shortcuts.py first seen with mtime 1783309432.6981065
2026-07-24 09:09:45,368 DEBUG File D:\Programming\GRK\another batch\my_project\.drf\Lib\site-packages\django\db\models\functions\json.py first seen with mtime 1783309433.1756048
2026-07-24 09:09:45,368 DEBUG File D:\Programming\GRK\another batch\my_project\.drf\Lib\site-packages\rest_framework\utils\mediatypes.py first seen with mtime 1783309448.581557
2026-07-24 09:09:45,368 DEBUG File D:\Programming\GRK\another batch\my_project\.drf\Lib\site-packages\django\db\migrations\operations\base.py first seen with mtime 1783309433.1395476
2026-07-24 09:09:45,368 DEBUG File C:\Users\vijay\AppData\Local\Programs\Python\Python311\Lib\email\parser.py first seen with mtime 1712041974.0
2026-07-24 09:09:45,369 DEBUG File D:\Programming\GRK\another batch\my_project\.drf\Lib\site-packages\django\core\checks\compatibility\__init__.py first seen with mtime 1783309432.9978354
2026-07-24 09:09:45,369 DEBUG File C:\Users\vijay\AppData\Local\Programs\Python\Python311\Lib\decimal.py first seen with mtime 1712041974.0
2026-07-24 09:09:45,369 DEBUG File C:\Users\vijay\AppData\Local\Programs\Python\Python311\Lib\xml\dom\domreg.py first seen with mtime 1712041974.0
2026-07-24 09:09:45,369 DEBUG File C:\Users\vijay\AppData\Local\Programs\Python\Python311\Lib\base64.py first seen with mtime 1712041974.0
2026-07-24 09:09:45,369 DEBUG File C:\Users\vijay\AppData\Local\Programs\Python\Python311\Lib\_weakrefset.py first seen with mtime 1712041974.0
2026-07-24 09:09:45,369 DEBUG File D:\Programming\GRK\another batch\my_project\.drf\Lib\site-packages\django\urls\utils.py first seen with mtime 1783309433.3776999
2026-07-24 09:09:45,369 DEBUG File D:\Programming\GRK\another batch\my_project\.drf\Lib\site-packages\django\template\library.py first seen with mtime 1783309433.3356993
2026-07-24 09:09:45,369 DEBUG File D:\Programming\GRK\another batch\my_project\.drf\Lib\site-packages\django\views\decorators\csrf.py first seen with mtime 1783309433.4282086
2026-07-24 09:09:45,370 DEBUG File D:\Programming\GRK\another batch\my_project\.drf\Lib\site-packages\django\db\backends\base\__init__.py first seen with mtime 1783309433.074534
2026-07-24 09:09:45,370 DEBUG File D:\Programming\GRK\another batch\my_project\.drf\Lib\site-packages\django\core\handlers\base.py first seen with mtime 1783309433.0211613
2026-07-24 09:09:45,370 DEBUG File C:\Users\vijay\AppData\Local\Programs\Python\Python311\Lib\importlib\metadata\_meta.py first seen with mtime 1712041974.0
2026-07-24 09:09:45,370 DEBUG File D:\Programming\GRK\another batch\my_project\.drf\Lib\site-packages\rest_framework\schemas\__init__.py first seen with mtime 1783309448.472848
2026-07-24 09:09:45,370 DEBUG File C:\Users\vijay\AppData\Local\Programs\Python\Python311\Lib\lzma.py first seen with mtime 1712041974.0
2026-07-24 09:09:45,370 DEBUG File D:\Programming\GRK\another batch\my_project\.drf\Lib\site-packages\django\core\checks\security\__init__.py first seen with mtime 1783309432.9991138
2026-07-24 09:09:45,370 DEBUG File D:\Programming\GRK\another batch\my_project\.drf\Lib\site-packages\django\contrib\admin\models.py first seen with mtime 1783309429.2603183
2026-07-24 09:09:45,370 DEBUG File D:\Programming\GRK\another batch\my_project\.drf\Lib\site-packages\django\test\utils.py first seen with mtime 1783309433.3706088
2026-07-24 09:09:45,370 DEBUG File D:\Programming\GRK\another batch\my_project\.drf\Lib\site-packages\rest_framework_simplejwt\token_blacklist\__init__.py first seen with mtime 1784726175.390223
2026-07-24 09:09:45,370 DEBUG File D:\Programming\GRK\another batch\my_project\.drf\Lib\site-packages\django\template\response.py first seen with mtime 1783309433.3389883
2026-07-24 09:09:45,370 DEBUG File D:\Programming\GRK\another batch\my_project\.drf\Lib\site-packages\urllib3\http2\probe.py first seen with mtime 1783656780.8182626
2026-07-24 09:09:45,370 DEBUG File D:\Programming\GRK\another batch\my_project\.drf\Lib\site-packages\django\core\servers\basehttp.py first seen with mtime 1783309433.0687294
2026-07-24 09:09:45,370 DEBUG File D:\Programming\GRK\another batch\my_project\.drf\Lib\site-packages\django\db\__init__.py first seen with mtime 1783309433.0698552
2026-07-24 09:09:45,371 DEBUG File C:\Users\vijay\AppData\Local\Programs\Python\Python311\Lib\asyncio\exceptions.py first seen with mtime 1712041974.0
2026-07-24 09:09:45,371 DEBUG File D:\Programming\GRK\another batch\my_project\Hospital\User\admin.py first seen with mtime 1784258035.214903
2026-07-24 09:09:45,371 DEBUG File C:\Users\vijay\AppData\Local\Programs\Python\Python311\DLLs\_hashlib.pyd first seen with mtime 1712042000.0
2026-07-24 09:09:45,371 DEBUG File D:\Programming\GRK\another batch\my_project\.drf\Lib\site-packages\django\http\__init__.py first seen with mtime 1783309433.3105152
2026-07-24 09:09:45,371 DEBUG File C:\Users\vijay\AppData\Local\Programs\Python\Python311\DLLs\_bz2.pyd first seen with mtime 1712042000.0
2026-07-24 09:09:45,371 DEBUG File D:\Programming\GRK\another batch\my_project\.drf\Lib\site-packages\django\test\signals.py first seen with mtime 1783309433.3674376
2026-07-24 09:09:45,371 DEBUG File C:\Users\vijay\AppData\Local\Programs\Python\Python311\Lib\email\__init__.py first seen with mtime 1712041974.0
2026-07-24 09:09:45,371 DEBUG File C:\Users\vijay\AppData\Local\Programs\Python\Python311\Lib\importlib\metadata\_adapters.py first seen with mtime 1712041974.0
2026-07-24 09:09:45,371 DEBUG File D:\Programming\GRK\another batch\my_project\.drf\Lib\site-packages\MySQLdb\constants\CLIENT.py first seen with mtime 1783568427.24555
2026-07-24 09:09:45,371 DEBUG File C:\Users\vijay\AppData\Local\Programs\Python\Python311\Lib\asyncio\threads.py first seen with mtime 1712041974.0
2026-07-24 09:09:45,371 DEBUG File D:\Programming\GRK\another batch\my_project\.drf\Lib\site-packages\django\contrib\sessions\middleware.py first seen with mtime 1783309432.444365
2026-07-24 09:09:45,371 DEBUG File C:\Users\vijay\AppData\Local\Programs\Python\Python311\Lib\dataclasses.py first seen with mtime 1712041974.0
2026-07-24 09:09:45,371 DEBUG File D:\Programming\GRK\another batch\my_project\.drf\Lib\site-packages\django\db\backends\base\operations.py first seen with mtime 1783309433.0834782
2026-07-24 09:09:45,371 DEBUG File D:\Programming\GRK\another batch\my_project\.drf\Lib\site-packages\django\core\files\storage\memory.py first seen with mtime 1783309433.018087
2026-07-24 09:09:45,372 DEBUG File D:\Programming\GRK\another batch\my_project\.drf\Lib\site-packages\django\utils\http.py first seen with mtime 1783309433.3977814
2026-07-24 09:09:45,372 DEBUG File D:\Programming\GRK\another batch\my_project\.drf\Lib\site-packages\django\core\files\uploadhandler.py first seen with mtime 1783309433.0132227
2026-07-24 09:09:45,372 DEBUG File D:\Programming\GRK\another batch\my_project\.drf\Lib\site-packages\django\core\serializers\python.py first seen with mtime 1783309433.0645409
2026-07-24 09:09:45,372 DEBUG File C:\Users\vijay\AppData\Local\Programs\Python\Python311\Lib\email\errors.py first seen with mtime 1712041974.0
2026-07-24 09:09:45,372 DEBUG File D:\Programming\GRK\another batch\my_project\.drf\Lib\site-packages\django\core\serializers\base.py first seen with mtime 1783309433.0619688
2026-07-24 09:09:45,372 DEBUG File D:\Programming\GRK\another batch\my_project\.drf\Lib\site-packages\django\utils\choices.py first seen with mtime 1783309433.3843396
2026-07-24 09:09:45,372 DEBUG File D:\Programming\GRK\another batch\my_project\.drf\Lib\site-packages\django\utils\tree.py first seen with mtime 1783309433.4095652
2026-07-24 09:09:45,372 DEBUG File D:\Programming\GRK\another batch\my_project\.drf\Lib\site-packages\requests\status_codes.py first seen with mtime 1783656783.1191912
2026-07-24 09:09:45,372 DEBUG File C:\Users\vijay\AppData\Local\Programs\Python\Python311\Lib\opcode.py first seen with mtime 1712041974.0
2026-07-24 09:09:45,372 DEBUG File D:\Programming\GRK\another batch\my_project\.drf\Lib\site-packages\django\db\backends\base\creation.py first seen with mtime 1783309433.076772
2026-07-24 09:09:45,372 DEBUG File C:\Users\vijay\AppData\Local\Programs\Python\Python311\Lib\asyncio\futures.py first seen with mtime 1712041974.0
2026-07-24 09:09:45,372 DEBUG File D:\Programming\GRK\another batch\my_project\.drf\Lib\site-packages\django\core\cache\backends\base.py first seen with mtime 1783309432.9808393
2026-07-24 09:09:45,372 DEBUG File D:\Programming\GRK\another batch\my_project\.drf\Lib\site-packages\django\db\models\fields\related.py first seen with mtime 1783309433.1679065
2026-07-24 09:09:45,372 DEBUG File D:\Programming\GRK\another batch\my_project\.drf\Lib\site-packages\django\contrib\sessions\models.py first seen with mtime 1783309432.4453804
2026-07-24 09:09:45,372 DEBUG File D:\Programming\GRK\another batch\my_project\.drf\Lib\site-packages\django\template\exceptions.py first seen with mtime 1783309433.3346887
2026-07-24 09:09:45,372 DEBUG File D:\Programming\GRK\another batch\my_project\.drf\Lib\site-packages\urllib3\http2\__init__.py first seen with mtime 1783656780.816053
2026-07-24 09:09:45,373 DEBUG File D:\Programming\GRK\another batch\my_project\.drf\Lib\site-packages\django\utils\encoding.py first seen with mtime 1783309433.3927846
2026-07-24 09:09:45,373 DEBUG File D:\Programming\GRK\another batch\my_project\.drf\Lib\site-packages\MySQLdb\constants\FLAG.py first seen with mtime 1783568427.247552
2026-07-24 09:09:45,373 DEBUG File D:\Programming\GRK\another batch\my_project\.drf\Lib\site-packages\django\db\models\functions\__init__.py first seen with mtime 1783309433.1726413
2026-07-24 09:09:45,373 DEBUG File D:\Programming\GRK\another batch\my_project\.drf\Lib\site-packages\django\contrib\staticfiles\management\commands\runserver.py first seen with mtime 1783309432.96789
2026-07-24 09:09:45,373 DEBUG File D:\Programming\GRK\another batch\my_project\.drf\Lib\site-packages\rest_framework\serializers.py first seen with mtime 1783913181.5917263
2026-07-24 09:09:45,373 DEBUG File C:\Users\vijay\AppData\Local\Programs\Python\Python311\Lib\urllib\__init__.py first seen with mtime 1712041974.0
2026-07-24 09:09:45,373 DEBUG File D:\Programming\GRK\another batch\my_project\.drf\Lib\site-packages\urllib3\_request_methods.py first seen with mtime 1783656780.8005152
2026-07-24 09:09:45,373 DEBUG File C:\Users\vijay\AppData\Local\Programs\Python\Python311\Lib\email\utils.py first seen with mtime 1712041974.0
2026-07-24 09:09:45,373 DEBUG File D:\Programming\GRK\another batch\my_project\.drf\Lib\site-packages\requests\packages.py first seen with mtime 1783656783.1167881
2026-07-24 09:09:45,373 DEBUG File D:\Programming\GRK\another batch\my_project\.drf\Lib\site-packages\django\core\files\storage\mixins.py first seen with mtime 1783309433.019375
2026-07-24 09:09:45,373 DEBUG File D:\Programming\GRK\another batch\my_project\.drf\Lib\site-packages\django\db\models\__init__.py first seen with mtime 1783309433.1431377
2026-07-24 09:09:45,373 DEBUG File C:\Users\vijay\AppData\Local\Programs\Python\Python311\Lib\http\cookies.py first seen with mtime 1712041974.0
2026-07-24 09:09:45,373 DEBUG File C:\Users\vijay\AppData\Local\Programs\Python\Python311\Lib\json\scanner.py first seen with mtime 1712041974.0
2026-07-24 09:09:45,373 DEBUG File D:\Programming\GRK\another batch\my_project\.drf\Lib\site-packages\django\contrib\contenttypes\views.py first seen with mtime 1783309430.6821282
2026-07-24 09:09:45,373 DEBUG File D:\Programming\GRK\another batch\my_project\.drf\Lib\site-packages\django\db\backends\mysql\creation.py first seen with mtime 1783309433.0938637
2026-07-24 09:09:45,373 DEBUG File D:\Programming\GRK\another batch\my_project\.drf\Lib\site-packages\django\http\response.py first seen with mtime 1783309433.3154252
2026-07-24 09:09:45,374 DEBUG File C:\Users\vijay\AppData\Local\Programs\Python\Python311\DLLs\_queue.pyd first seen with mtime 1712042000.0
2026-07-24 09:09:45,374 DEBUG File C:\Users\vijay\AppData\Local\Programs\Python\Python311\Lib\email\mime\text.py first seen with mtime 1712041974.0
2026-07-24 09:09:45,374 DEBUG File D:\Programming\GRK\another batch\my_project\.drf\Lib\site-packages\requests\compat.py first seen with mtime 1783656783.11178
2026-07-24 09:09:45,374 DEBUG File D:\Programming\GRK\another batch\my_project\.drf\Lib\site-packages\rest_framework\authentication.py first seen with mtime 1783309448.3062935
2026-07-24 09:09:45,374 DEBUG File C:\Users\vijay\AppData\Local\Programs\Python\Python311\Lib\html\parser.py first seen with mtime 1712041974.0
2026-07-24 09:09:45,374 DEBUG File D:\Programming\GRK\another batch\my_project\.drf\Lib\site-packages\django\utils\regex_helper.py first seen with mtime 1783309433.403786
2026-07-24 09:09:45,374 DEBUG File D:\Programming\GRK\another batch\my_project\.drf\Lib\site-packages\django\core\files\images.py first seen with mtime 1783309433.005788
2026-07-24 09:09:45,374 DEBUG File C:\Users\vijay\AppData\Local\Programs\Python\Python311\Lib\re\_compiler.py first seen with mtime 1712041974.0
2026-07-24 09:09:45,374 DEBUG File C:\Users\vijay\AppData\Local\Programs\Python\Python311\Lib\contextlib.py first seen with mtime 1712041974.0
2026-07-24 09:09:45,374 DEBUG File D:\Programming\GRK\another batch\my_project\.drf\Lib\site-packages\django\core\checks\model_checks.py first seen with mtime 1783309432.992633
2026-07-24 09:09:45,374 DEBUG File D:\Programming\GRK\another batch\my_project\.drf\Lib\site-packages\urllib3\util\retry.py first seen with mtime 1783656780.823332
2026-07-24 09:09:45,374 DEBUG File D:\Programming\GRK\another batch\my_project\.drf\Lib\site-packages\rest_framework\decorators.py first seen with mtime 1783309448.3095627
2026-07-24 09:09:45,374 DEBUG File D:\Programming\GRK\another batch\my_project\.drf\Lib\site-packages\sqlparse\filters\tokens.py first seen with mtime 1783309427.6741238
2026-07-24 09:09:45,374 DEBUG File C:\Users\vijay\AppData\Local\Programs\Python\Python311\Lib\copy.py first seen with mtime 1712041974.0
2026-07-24 09:09:45,374 DEBUG File D:\Programming\GRK\another batch\my_project\.drf\Lib\site-packages\django\db\models\enums.py first seen with mtime 1783309433.1509328
2026-07-24 09:09:45,375 DEBUG File D:\Programming\GRK\another batch\my_project\.drf\Lib\site-packages\sqlparse\filters\others.py first seen with mtime 1783309427.6702685
2026-07-24 09:09:45,375 DEBUG File C:\Users\vijay\AppData\Local\Programs\Python\Python311\Lib\email\generator.py first seen with mtime 1712041974.0
2026-07-24 09:09:45,375 DEBUG File D:\Programming\GRK\another batch\my_project\.drf\Lib\site-packages\django\contrib\admin\widgets.py first seen with mtime 1783309429.266701
2026-07-24 09:09:45,375 DEBUG File C:\Users\vijay\AppData\Local\Programs\Python\Python311\Lib\wsgiref\handlers.py first seen with mtime 1712041974.0
2026-07-24 09:09:45,375 DEBUG File D:\Programming\GRK\another batch\my_project\.drf\Lib\site-packages\django\contrib\staticfiles\handlers.py first seen with mtime 1783309432.958295
2026-07-24 09:09:45,375 DEBUG File C:\Users\vijay\AppData\Local\Programs\Python\Python311\Lib\encodings\__init__.py first seen with mtime 1712041974.0
2026-07-24 09:09:45,375 DEBUG File D:\Programming\GRK\another batch\my_project\.drf\Lib\site-packages\django\contrib\contenttypes\management\__init__.py first seen with mtime 1783309430.947303
2026-07-24 09:09:45,375 DEBUG File D:\Programming\GRK\another batch\my_project\.drf\Lib\site-packages\django\contrib\admin\sites.py first seen with mtime 1783309429.2637026
2026-07-24 09:09:45,375 DEBUG File D:\Programming\GRK\another batch\my_project\.drf\Lib\site-packages\django\utils\connection.py first seen with mtime 1783309433.3853402
2026-07-24 09:09:45,375 DEBUG File C:\Users\vijay\AppData\Local\Programs\Python\Python311\DLLs\unicodedata.pyd first seen with mtime 1712042000.0
2026-07-24 09:09:45,375 DEBUG File C:\Users\vijay\AppData\Local\Programs\Python\Python311\Lib\contextvars.py first seen with mtime 1712041974.0
2026-07-24 09:09:45,375 DEBUG File D:\Programming\GRK\another batch\my_project\.drf\Lib\site-packages\django\contrib\auth\__init__.py first seen with mtime 1783309430.2983034
2026-07-24 09:09:45,375 DEBUG File D:\Programming\GRK\another batch\my_project\.drf\Lib\site-packages\MySQLdb\__init__.py first seen with mtime 1783568427.2367768
2026-07-24 09:09:45,375 DEBUG File C:\Users\vijay\AppData\Local\Programs\Python\Python311\Lib\copyreg.py first seen with mtime 1712041974.0
2026-07-24 09:09:45,375 DEBUG File D:\Programming\GRK\another batch\my_project\Hospital\Hospital\urls.py first seen with mtime 1784518756.015579
2026-07-24 09:09:45,376 DEBUG File D:\Programming\GRK\another batch\my_project\.drf\Lib\site-packages\django\contrib\auth\management\__init__.py first seen with mtime 1783309430.6565812
2026-07-24 09:09:45,376 DEBUG File C:\Users\vijay\AppData\Local\Programs\Python\Python311\Lib\uuid.py first seen with mtime 1712041974.0
2026-07-24 09:09:45,376 DEBUG File C:\Users\vijay\AppData\Local\Programs\Python\Python311\Lib\pathlib.py first seen with mtime 1712041974.0
2026-07-24 09:09:45,376 DEBUG File D:\Programming\GRK\another batch\my_project\.drf\Lib\site-packages\django\contrib\postgres\forms\hstore.py first seen with mtime 1783309431.9713547
2026-07-24 09:09:45,376 DEBUG File C:\Users\vijay\AppData\Local\Programs\Python\Python311\Lib\html\__init__.py first seen with mtime 1712041974.0
2026-07-24 09:09:45,376 DEBUG File D:\Programming\GRK\another batch\my_project\.drf\Lib\site-packages\rest_framework\mixins.py first seen with mtime 1783309448.3157673
2026-07-24 09:09:45,376 DEBUG File C:\Users\vijay\AppData\Local\Programs\Python\Python311\Lib\unittest\util.py first seen with mtime 1712041974.0
2026-07-24 09:09:45,376 DEBUG File D:\Programming\GRK\another batch\my_project\.drf\Lib\site-packages\django\apps\registry.py first seen with mtime 1783309428.744368
2026-07-24 09:09:45,376 DEBUG File D:\Programming\GRK\another batch\my_project\.drf\Lib\site-packages\django\db\models\constraints.py first seen with mtime 1783309433.1474645
2026-07-24 09:09:45,376 DEBUG File D:\Programming\GRK\another batch\my_project\.drf\Lib\site-packages\django\forms\__init__.py first seen with mtime 1783309433.1954412
2026-07-24 09:09:45,376 DEBUG File D:\Programming\GRK\another batch\my_project\.drf\Lib\site-packages\charset_normalizer\__init__.py first seen with mtime 1783656782.5260057
2026-07-24 09:09:45,376 DEBUG File C:\Users\vijay\AppData\Local\Programs\Python\Python311\Lib\wsgiref\util.py first seen with mtime 1712041974.0
2026-07-24 09:09:45,376 DEBUG File D:\Programming\GRK\another batch\my_project\.drf\Lib\site-packages\django\contrib\auth\decorators.py first seen with mtime 1783309430.3053129
2026-07-24 09:09:45,376 DEBUG File D:\Programming\GRK\another batch\my_project\.drf\Lib\site-packages\django\db\backends\utils.py first seen with mtime 1783309433.0733926
2026-07-24 09:09:45,376 DEBUG File C:\Users\vijay\AppData\Local\Programs\Python\Python311\DLLs\_overlapped.pyd first seen with mtime 1712042000.0
2026-07-24 09:09:45,377 DEBUG File D:\Programming\GRK\another batch\my_project\Hospital\User\views.py first seen with mtime 1784864078.781109
2026-07-24 09:09:45,377 DEBUG File D:\Programming\GRK\another batch\my_project\.drf\Lib\site-packages\rest_framework\views.py first seen with mtime 1783309448.339117
2026-07-24 09:09:45,377 DEBUG File D:\Programming\GRK\another batch\my_project\Hospital\UserReg\models.py first seen with mtime 1784000173.091029
2026-07-24 09:09:45,377 DEBUG File D:\Programming\GRK\another batch\my_project\.drf\Lib\site-packages\django\contrib\auth\forms.py first seen with mtime 1783309430.3063219
2026-07-24 09:09:45,377 DEBUG File D:\Programming\GRK\another batch\my_project\.drf\Lib\site-packages\django\db\models\sql\where.py first seen with mtime 1783309433.1908402
2026-07-24 09:09:45,377 DEBUG File D:\Programming\GRK\another batch\my_project\.drf\Lib\site-packages\django\templatetags\__init__.py first seen with mtime 1783309433.3537068
2026-07-24 09:09:45,377 DEBUG File D:\Programming\GRK\another batch\my_project\.drf\Lib\site-packages\django\core\signing.py first seen with mtime 1783309432.9760418
2026-07-24 09:09:45,377 DEBUG File D:\Programming\GRK\another batch\my_project\.drf\Lib\site-packages\django\utils\version.py first seen with mtime 1783309433.410574
2026-07-24 09:09:45,377 DEBUG File D:\Programming\GRK\another batch\my_project\.drf\Lib\site-packages\sqlparse\keywords.py first seen with mtime 1783309427.6591005
2026-07-24 09:09:45,377 DEBUG File C:\Users\vijay\AppData\Local\Programs\Python\Python311\Lib\glob.py first seen with mtime 1712041974.0
2026-07-24 09:09:45,377 DEBUG File D:\Programming\GRK\another batch\my_project\.drf\Lib\site-packages\django\conf\urls\__init__.py first seen with mtime 1783309429.2438605
2026-07-24 09:09:45,377 DEBUG File D:\Programming\GRK\another batch\my_project\.drf\Lib\site-packages\MySQLdb\converters.py first seen with mtime 1783568427.2425373
2026-07-24 09:09:45,377 DEBUG File D:\Programming\GRK\another batch\my_project\.drf\Lib\site-packages\django\core\checks\translation.py first seen with mtime 1783309432.9953296
2026-07-24 09:09:45,377 DEBUG File D:\Programming\GRK\another batch\my_project\.drf\Lib\site-packages\django\core\cache\backends\__init__.py first seen with mtime 1783309432.9808393
2026-07-24 09:09:45,377 DEBUG File D:\Programming\GRK\another batch\my_project\.drf\Lib\site-packages\django\forms\forms.py first seen with mtime 1783309433.1978414
2026-07-24 09:09:45,377 DEBUG File D:\Programming\GRK\another batch\my_project\.drf\Lib\site-packages\django\views\generic\dates.py first seen with mtime 1783309433.4347043
2026-07-24 09:09:45,378 DEBUG File D:\Programming\GRK\another batch\my_project\.drf\Lib\site-packages\django\db\backends\signals.py first seen with mtime 1783309433.0733926
2026-07-24 09:09:45,378 DEBUG File D:\Programming\GRK\another batch\my_project\.drf\Lib\site-packages\django\db\migrations\state.py first seen with mtime 1783309433.136166
2026-07-24 09:09:45,378 DEBUG File D:\Programming\GRK\another batch\my_project\.drf\Lib\site-packages\django\db\backends\base\validation.py first seen with mtime 1783309433.0869102
2026-07-24 09:09:45,378 DEBUG File C:\Users\vijay\AppData\Local\Programs\Python\Python311\Lib\re\__init__.py first seen with mtime 1712041974.0
2026-07-24 09:09:45,378 DEBUG File D:\Programming\GRK\another batch\my_project\.drf\Lib\site-packages\django\db\models\indexes.py first seen with mtime 1783309433.1532857
2026-07-24 09:09:45,378 DEBUG File D:\Programming\GRK\another batch\my_project\.drf\Lib\site-packages\django\contrib\sites\__init__.py first seen with mtime 1783309432.6919692
2026-07-24 09:09:45,378 DEBUG File D:\Programming\GRK\another batch\my_project\.drf\Lib\site-packages\rest_framework\permissions.py first seen with mtime 1783309448.3198059
2026-07-24 09:09:45,378 DEBUG File C:\Users\vijay\AppData\Local\Programs\Python\Python311\Lib\unittest\loader.py first seen with mtime 1712041974.0
2026-07-24 09:09:45,378 DEBUG File C:\Users\vijay\AppData\Local\Programs\Python\Python311\Lib\graphlib.py first seen with mtime 1712041974.0
2026-07-24 09:09:45,378 DEBUG File D:\Programming\GRK\another batch\my_project\.drf\Lib\site-packages\MySQLdb\times.py first seen with mtime 1783568427.2445502
2026-07-24 09:09:45,378 DEBUG File D:\Programming\GRK\another batch\my_project\.drf\Lib\site-packages\django\template\defaultfilters.py first seen with mtime 1783309433.332511
2026-07-24 09:09:45,378 DEBUG File D:\Programming\GRK\another batch\my_project\.drf\Lib\site-packages\django\utils\__init__.py first seen with mtime 1783309433.3776999
2026-07-24 09:09:45,378 DEBUG File D:\Programming\GRK\another batch\my_project\.drf\Lib\site-packages\sqlparse\filters\output.py first seen with mtime 1783309427.6702685
2026-07-24 09:09:45,378 DEBUG File C:\Users\vijay\AppData\Local\Programs\Python\Python311\Lib\importlib\readers.py first seen with mtime 1712041974.0
2026-07-24 09:09:45,378 DEBUG File D:\Programming\GRK\another batch\my_project\.drf\Lib\site-packages\django\core\checks\registry.py first seen with mtime 1783309432.9940324
2026-07-24 09:09:45,378 DEBUG File D:\Programming\GRK\another batch\my_project\.drf\Lib\site-packages\django\utils\translation\trans_real.py first seen with mtime 1783309433.4167023
2026-07-24 09:09:45,379 DEBUG File C:\Users\vijay\AppData\Local\Programs\Python\Python311\Lib\mimetypes.py first seen with mtime 1712041974.0
2026-07-24 09:09:45,379 DEBUG File D:\Programming\GRK\another batch\my_project\.drf\Lib\site-packages\django\template\backends\base.py first seen with mtime 1783309433.3412716
2026-07-24 09:09:45,379 DEBUG File D:\Programming\GRK\another batch\my_project\.drf\Lib\site-packages\django\forms\fields.py first seen with mtime 1783309433.1965733
2026-07-24 09:09:45,379 DEBUG File D:\Programming\GRK\another batch\my_project\.drf\Lib\site-packages\django\template\engine.py first seen with mtime 1783309433.3346887
2026-07-24 09:09:45,379 DEBUG File D:\Programming\GRK\another batch\my_project\.drf\Lib\site-packages\django\urls\resolvers.py first seen with mtime 1783309433.3755245
2026-07-24 09:09:45,379 DEBUG File D:\Programming\GRK\another batch\my_project\.drf\Lib\site-packages\django\conf\__init__.py first seen with mtime 1783309428.7457578
2026-07-24 09:09:45,379 DEBUG File D:\Programming\GRK\another batch\my_project\.drf\Lib\site-packages\django\contrib\staticfiles\checks.py first seen with mtime 1783309432.9571228
2026-07-24 09:09:45,379 DEBUG File D:\Programming\GRK\another batch\my_project\.drf\Lib\site-packages\django\template\autoreload.py first seen with mtime 1783309433.3276122
2026-07-24 09:09:45,379 DEBUG File D:\Programming\GRK\another batch\my_project\.drf\Lib\site-packages\urllib3\util\request.py first seen with mtime 1783656780.8218832
2026-07-24 09:09:45,379 DEBUG File C:\Users\vijay\AppData\Local\Programs\Python\Python311\Lib\email\mime\multipart.py first seen with mtime 1712041974.0
2026-07-24 09:09:45,379 DEBUG File D:\Programming\GRK\another batch\my_project\.drf\Lib\site-packages\django\db\models\constants.py first seen with mtime 1783309433.146232
2026-07-24 09:09:45,379 DEBUG File D:\Programming\GRK\another batch\my_project\.drf\Lib\site-packages\django\utils\translation\reloader.py first seen with mtime 1783309433.4142334
2026-07-24 09:09:45,379 DEBUG File D:\Programming\GRK\another batch\my_project\.drf\Lib\site-packages\rest_framework_simplejwt\__init__.py first seen with mtime 1784726175.3465834
2026-07-24 09:09:45,379 DEBUG File D:\Programming\GRK\another batch\my_project\.drf\Lib\site-packages\django\core\checks\messages.py first seen with mtime 1783309432.991331
2026-07-24 09:09:45,379 DEBUG File D:\Programming\GRK\another batch\my_project\.drf\Lib\site-packages\django\core\checks\commands.py first seen with mtime 1783309432.989036
2026-07-24 09:09:45,379 DEBUG File D:\Programming\GRK\another batch\my_project\.drf\Lib\site-packages\django\core\management\__init__.py first seen with mtime 1783309433.0310614
2026-07-24 09:09:45,380 DEBUG File D:\Programming\GRK\another batch\my_project\.drf\Lib\site-packages\django\templatetags\i18n.py first seen with mtime 1783309433.355932
2026-07-24 09:09:45,380 DEBUG File D:\Programming\GRK\another batch\my_project\.drf\Lib\site-packages\django\test\client.py first seen with mtime 1783309433.362476
2026-07-24 09:09:45,380 DEBUG File D:\Programming\GRK\another batch\my_project\.drf\Lib\site-packages\django\utils\log.py first seen with mtime 1783309433.4013634
2026-07-24 09:09:45,380 DEBUG File D:\Programming\GRK\another batch\my_project\.drf\Lib\site-packages\sqlparse\__init__.py first seen with mtime 1783309427.6554391
2026-07-24 09:09:45,380 DEBUG File C:\Users\vijay\AppData\Local\Programs\Python\Python311\Lib\weakref.py first seen with mtime 1712041974.0
2026-07-24 09:09:45,380 DEBUG File D:\Programming\GRK\another batch\my_project\.drf\Lib\site-packages\django\db\models\sql\datastructures.py first seen with mtime 1783309433.1866302
2026-07-24 09:09:45,380 DEBUG File C:\Users\vijay\AppData\Local\Programs\Python\Python311\Lib\asyncio\base_events.py first seen with mtime 1712041974.0
2026-07-24 09:09:45,380 DEBUG File C:\Users\vijay\AppData\Local\Programs\Python\Python311\Lib\dis.py first seen with mtime 1712041974.0
2026-07-24 09:09:45,380 DEBUG File D:\Programming\GRK\another batch\my_project\.drf\Lib\site-packages\django\db\backends\base\features.py first seen with mtime 1783309433.0788572
2026-07-24 09:09:45,380 DEBUG File D:\Programming\GRK\another batch\my_project\.drf\Lib\site-packages\requests\auth.py first seen with mtime 1783656783.110779
2026-07-24 09:09:45,380 DEBUG File C:\Users\vijay\AppData\Local\Programs\Python\Python311\DLLs\_uuid.pyd first seen with mtime 1712042000.0
2026-07-24 09:09:45,380 DEBUG File C:\Users\vijay\AppData\Local\Programs\Python\Python311\Lib\csv.py first seen with mtime 1712041974.0
2026-07-24 09:09:45,380 DEBUG File D:\Programming\GRK\another batch\my_project\.drf\Lib\site-packages\django\db\migrations\autodetector.py first seen with mtime 1783309433.127527
2026-07-24 09:09:45,380 DEBUG File D:\Programming\GRK\another batch\my_project\.drf\Lib\site-packages\django\core\management\sql.py first seen with mtime 1783309433.0352223
2026-07-24 09:09:45,380 DEBUG File C:\Users\vijay\AppData\Local\Programs\Python\Python311\DLLs\select.pyd first seen with mtime 1712042000.0
2026-07-24 09:09:45,381 DEBUG File D:\Programming\GRK\another batch\my_project\.drf\Lib\site-packages\django\core\exceptions.py first seen with mtime 1783309432.97367
2026-07-24 09:09:45,381 DEBUG File D:\Programming\GRK\another batch\my_project\.drf\Lib\site-packages\django\core\files\utils.py first seen with mtime 1783309433.0146163
2026-07-24 09:09:45,381 DEBUG File D:\Programming\GRK\another batch\my_project\.drf\Lib\site-packages\django\templatetags\l10n.py first seen with mtime 1783309433.3570218
2026-07-24 09:09:45,381 DEBUG File D:\Programming\GRK\another batch\my_project\.drf\Lib\site-packages\django\utils\safestring.py first seen with mtime 1783309433.4048707
2026-07-24 09:09:45,381 DEBUG File C:\Users\vijay\AppData\Local\Programs\Python\Python311\Lib\asyncio\subprocess.py first seen with mtime 1712041974.0
2026-07-24 09:09:45,381 DEBUG File D:\Programming\GRK\another batch\my_project\.drf\Lib\site-packages\urllib3\poolmanager.py first seen with mtime 1783656780.8067958
2026-07-24 09:09:45,381 DEBUG File D:\Programming\GRK\another batch\my_project\.drf\Lib\site-packages\django\contrib\postgres\__init__.py first seen with mtime 1783309431.9463592
2026-07-24 09:09:45,381 DEBUG File D:\Programming\GRK\another batch\my_project\.drf\Lib\site-packages\idna\idnadata.py first seen with mtime 1783656781.8988204
2026-07-24 09:09:45,381 DEBUG File D:\Programming\GRK\another batch\my_project\.drf\Lib\site-packages\rest_framework_simplejwt\utils.py first seen with mtime 1784726175.3529606
2026-07-24 09:09:45,381 DEBUG File D:\Programming\GRK\another batch\my_project\.drf\Lib\site-packages\sqlparse\formatter.py first seen with mtime 1783309427.6579235
2026-07-24 09:09:45,381 DEBUG File C:\Users\vijay\AppData\Local\Programs\Python\Python311\Lib\argparse.py first seen with mtime 1712041974.0
2026-07-24 09:09:45,381 DEBUG File D:\Programming\GRK\another batch\my_project\.drf\Lib\site-packages\django\db\backends\mysql\features.py first seen with mtime 1783309433.0938637
2026-07-24 09:09:45,381 DEBUG File D:\Programming\GRK\another batch\my_project\.drf\Lib\site-packages\rest_framework\utils\breadcrumbs.py first seen with mtime 1783309448.5717652
2026-07-24 09:09:45,381 DEBUG File D:\Programming\GRK\another batch\my_project\.drf\Lib\site-packages\django\contrib\admin\checks.py first seen with mtime 1783309429.253986
2026-07-24 09:09:45,382 DEBUG File D:\Programming\GRK\another batch\my_project\.drf\Lib\site-packages\django\core\management\utils.py first seen with mtime 1783309433.0362346
2026-07-24 09:09:45,382 DEBUG File D:\Programming\GRK\another batch\my_project\.drf\Lib\site-packages\django\utils\termcolors.py first seen with mtime 1783309433.405938
2026-07-24 09:09:45,382 DEBUG File C:\Users\vijay\AppData\Local\Programs\Python\Python311\Lib\email\_encoded_words.py first seen with mtime 1712041974.0
2026-07-24 09:09:45,382 DEBUG File D:\Programming\GRK\another batch\my_project\.drf\Lib\site-packages\sqlparse\engine\statement_splitter.py first seen with mtime 1783309427.6678445
2026-07-24 09:09:45,382 DEBUG File D:\Programming\GRK\another batch\my_project\.drf\Lib\site-packages\django\http\request.py first seen with mtime 1783309433.314237
2026-07-24 09:09:45,382 DEBUG File D:\Programming\GRK\another batch\my_project\.drf\Lib\site-packages\django\db\migrations\loader.py first seen with mtime 1783309433.1308262
2026-07-24 09:09:45,382 DEBUG File D:\Programming\GRK\another batch\my_project\.drf\Lib\site-packages\django\utils\numberformat.py first seen with mtime 1783309433.403786
2026-07-24 09:09:45,382 DEBUG File C:\Users\vijay\AppData\Local\Programs\Python\Python311\Lib\pickle.py first seen with mtime 1712041974.0
2026-07-24 09:09:45,382 DEBUG File D:\Programming\GRK\another batch\my_project\.drf\Lib\site-packages\django\dispatch\dispatcher.py first seen with mtime 1783309433.1928475
2026-07-24 09:09:45,382 DEBUG File D:\Programming\GRK\another batch\my_project\.drf\Lib\site-packages\urllib3\util\timeout.py first seen with mtime 1783656780.8263454
2026-07-24 09:09:45,382 DEBUG File D:\Programming\GRK\another batch\my_project\.drf\Lib\site-packages\django\utils\dateformat.py first seen with mtime 1783309433.3865433
2026-07-24 09:09:45,382 DEBUG File C:\Users\vijay\AppData\Local\Programs\Python\Python311\Lib\xml\dom\minicompat.py first seen with mtime 1712041974.0
2026-07-24 09:09:45,382 DEBUG File D:\Programming\GRK\another batch\my_project\.drf\Lib\site-packages\rest_framework\utils\html.py first seen with mtime 1783309448.5767734
2026-07-24 09:09:45,382 DEBUG File D:\Programming\GRK\another batch\my_project\.drf\Lib\site-packages\urllib3\connectionpool.py first seen with mtime 1783656780.8028994
2026-07-24 09:09:45,382 DEBUG File D:\Programming\GRK\another batch\my_project\.drf\Lib\site-packages\django\contrib\admin\actions.py first seen with mtime 1783309429.2508292
2026-07-24 09:09:45,382 DEBUG File D:\Programming\GRK\another batch\my_project\.drf\Lib\site-packages\django\utils\inspect.py first seen with mtime 1783309433.3989713
2026-07-24 09:09:45,383 DEBUG File D:\Programming\GRK\another batch\my_project\.drf\Lib\site-packages\requests\sessions.py first seen with mtime 1783656783.1181822
2026-07-24 09:09:45,383 DEBUG File C:\Users\vijay\AppData\Local\Programs\Python\Python311\Lib\asyncio\__init__.py first seen with mtime 1712041974.0
2026-07-24 09:09:45,383 DEBUG File D:\Programming\GRK\another batch\my_project\.drf\Lib\site-packages\django\contrib\admin\templatetags\admin_urls.py first seen with mtime 1783309429.99031
2026-07-24 09:09:45,383 DEBUG File D:\Programming\GRK\another batch\my_project\.drf\Lib\site-packages\django\views\__init__.py first seen with mtime 1783309433.4179335
2026-07-24 09:09:45,383 DEBUG File D:\Programming\GRK\another batch\my_project\.drf\Lib\site-packages\django\views\generic\list.py first seen with mtime 1783309433.4370532
2026-07-24 09:09:45,383 DEBUG File C:\Users\vijay\AppData\Local\Programs\Python\Python311\Lib\socket.py first seen with mtime 1712041974.0
2026-07-24 09:09:45,383 DEBUG File D:\Programming\GRK\another batch\my_project\.drf\Lib\site-packages\django\contrib\admin\exceptions.py first seen with mtime 1783309429.2564182
2026-07-24 09:09:45,383 DEBUG File D:\Programming\GRK\another batch\my_project\.drf\Lib\site-packages\django\contrib\auth\tokens.py first seen with mtime 1783309430.3124473
2026-07-24 09:09:45,383 DEBUG File D:\Programming\GRK\another batch\my_project\.drf\Lib\site-packages\django\db\models\fields\reverse_related.py first seen with mtime 1783309433.1703181
2026-07-24 09:09:45,383 DEBUG File C:\Users\vijay\AppData\Local\Programs\Python\Python311\Lib\numbers.py first seen with mtime 1712041974.0
2026-07-24 09:09:45,383 DEBUG File D:\Programming\GRK\another batch\my_project\.drf\Lib\site-packages\django\contrib\admin\options.py first seen with mtime 1783309429.261691
2026-07-24 09:09:45,383 DEBUG File D:\Programming\GRK\another batch\my_project\.drf\Lib\site-packages\django\contrib\auth\validators.py first seen with mtime 1783309430.3137033
2026-07-24 09:09:45,383 DEBUG File D:\Programming\GRK\another batch\my_project\.drf\Lib\site-packages\django\middleware\csrf.py first seen with mtime 1783309433.321783
2026-07-24 09:09:45,383 DEBUG File D:\Programming\GRK\another batch\my_project\.drf\Lib\site-packages\requests\structures.py first seen with mtime 1783656783.1202018
2026-07-24 09:09:45,383 DEBUG File D:\Programming\GRK\another batch\my_project\.drf\Lib\site-packages\django\contrib\messages\storage\__init__.py first seen with mtime 1783309431.9419124
2026-07-24 09:09:45,384 DEBUG File C:\Users\vijay\AppData\Local\Programs\Python\Python311\Lib\importlib\resources\abc.py first seen with mtime 1712041974.0
2026-07-24 09:09:45,384 DEBUG File C:\Users\vijay\AppData\Local\Programs\Python\Python311\Lib\urllib\request.py first seen with mtime 1712041974.0
2026-07-24 09:09:45,384 DEBUG File D:\Programming\GRK\another batch\my_project\.drf\Lib\site-packages\django\utils\dateparse.py first seen with mtime 1783309433.3879826
2026-07-24 09:09:45,384 DEBUG File D:\Programming\GRK\another batch\my_project\.drf\Lib\site-packages\django\db\migrations\optimizer.py first seen with mtime 1783309433.1325545
2026-07-24 09:09:45,384 DEBUG File C:\Users\vijay\AppData\Local\Programs\Python\Python311\Lib\pprint.py first seen with mtime 1712041974.0
2026-07-24 09:09:45,384 DEBUG File D:\Programming\GRK\another batch\my_project\.drf\Lib\site-packages\_distutils_hack\__init__.py first seen with mtime 1783308756.015896
2026-07-24 09:09:45,384 DEBUG File C:\Users\vijay\AppData\Local\Programs\Python\Python311\Lib\json\encoder.py first seen with mtime 1712041974.0
2026-07-24 09:09:45,384 DEBUG File C:\Users\vijay\AppData\Local\Programs\Python\Python311\Lib\asyncio\log.py first seen with mtime 1712041974.0
2026-07-24 09:09:45,384 DEBUG File D:\Programming\GRK\another batch\my_project\.drf\Lib\site-packages\django\core\management\commands\makemigrations.py first seen with mtime 1783309433.0504324
2026-07-24 09:09:45,384 DEBUG File D:\Programming\GRK\another batch\my_project\.drf\Lib\site-packages\urllib3\util\ssl_.py first seen with mtime 1783656780.8243382
2026-07-24 09:09:45,384 DEBUG File D:\Programming\GRK\another batch\my_project\.drf\Lib\site-packages\rest_framework\negotiation.py first seen with mtime 1783309448.3167648
2026-07-24 09:09:45,384 DEBUG File D:\Programming\GRK\another batch\my_project\.drf\Lib\site-packages\django\template\__init__.py first seen with mtime 1783309433.3276122
2026-07-24 09:09:45,384 DEBUG File C:\Users\vijay\AppData\Local\Programs\Python\Python311\Lib\pkgutil.py first seen with mtime 1712041974.0
2026-07-24 09:09:45,384 DEBUG File D:\Programming\GRK\another batch\my_project\.drf\Lib\site-packages\django\contrib\admin\views\main.py first seen with mtime 1783309429.9948008
2026-07-24 09:09:45,384 DEBUG File D:\Programming\GRK\another batch\my_project\.drf\Lib\site-packages\django\db\models\fields\generated.py first seen with mtime 1783309433.1634233
2026-07-24 09:09:45,385 DEBUG File D:\Programming\GRK\another batch\my_project\.drf\Lib\site-packages\django\db\models\sql\constants.py first seen with mtime 1783309433.1842546
2026-07-24 09:09:45,385 DEBUG File C:\Users\vijay\AppData\Local\Programs\Python\Python311\Lib\email\iterators.py first seen with mtime 1712041974.0
2026-07-24 09:09:45,385 DEBUG File D:\Programming\GRK\another batch\my_project\.drf\Lib\site-packages\django\contrib\messages\utils.py first seen with mtime 1783309431.9390852
2026-07-24 09:09:45,385 DEBUG File C:\Users\vijay\AppData\Local\Programs\Python\Python311\Lib\locale.py first seen with mtime 1712041974.0
2026-07-24 09:09:45,385 DEBUG File D:\Programming\GRK\another batch\my_project\.drf\Lib\site-packages\django\contrib\sessions\exceptions.py first seen with mtime 1783309432.4430623
2026-07-24 09:09:45,385 DEBUG File D:\Programming\GRK\another batch\my_project\.drf\Lib\site-packages\django\views\i18n.py first seen with mtime 1783309433.422787
2026-07-24 09:09:45,385 DEBUG File D:\Programming\GRK\another batch\my_project\.drf\Lib\site-packages\django\core\checks\compatibility\django_4_0.py first seen with mtime 1783309432.9978354
2026-07-24 09:09:45,385 DEBUG File C:\Users\vijay\AppData\Local\Programs\Python\Python311\Lib\asyncio\taskgroups.py first seen with mtime 1712041974.0
2026-07-24 09:09:45,385 DEBUG File D:\Programming\GRK\another batch\my_project\.drf\Lib\site-packages\django\utils\timesince.py first seen with mtime 1783309433.4070797
2026-07-24 09:09:45,386 DEBUG File C:\Users\vijay\AppData\Local\Programs\Python\Python311\Lib\email\base64mime.py first seen with mtime 1712041974.0
2026-07-24 09:09:45,386 DEBUG File D:\Programming\GRK\another batch\my_project\.drf\Lib\site-packages\requests\exceptions.py first seen with mtime 1783656783.1137798
2026-07-24 09:09:45,386 DEBUG File C:\Users\vijay\AppData\Local\Programs\Python\Python311\Lib\quopri.py first seen with mtime 1712041974.0
2026-07-24 09:09:45,386 DEBUG File D:\Programming\GRK\another batch\my_project\.drf\Lib\site-packages\rest_framework\templates\rest_framework first seen with mtime 1783309448.5597415
2026-07-24 09:09:45,388 DEBUG File D:\Programming\GRK\another batch\my_project\.drf\Lib\site-packages\rest_framework\templates\rest_framework\admin first seen with mtime 1783309448.5324426
2026-07-24 09:09:45,388 DEBUG File D:\Programming\GRK\another batch\my_project\.drf\Lib\site-packages\rest_framework\templates\rest_framework\admin.html first seen with mtime 1783309448.5250971
2026-07-24 09:09:45,388 DEBUG File D:\Programming\GRK\another batch\my_project\.drf\Lib\site-packages\rest_framework\templates\rest_framework\api.html first seen with mtime 1783309448.5257292
2026-07-24 09:09:45,388 DEBUG File D:\Programming\GRK\another batch\my_project\.drf\Lib\site-packages\rest_framework\templates\rest_framework\base.html first seen with mtime 1783309448.526738
2026-07-24 09:09:45,389 DEBUG File D:\Programming\GRK\another batch\my_project\.drf\Lib\site-packages\rest_framework\templates\rest_framework\filters first seen with mtime 1783309448.5354414
2026-07-24 09:09:45,389 DEBUG File D:\Programming\GRK\another batch\my_project\.drf\Lib\site-packages\rest_framework\templates\rest_framework\horizontal first seen with mtime 1783309448.5478437
2026-07-24 09:09:45,389 DEBUG File D:\Programming\GRK\another batch\my_project\.drf\Lib\site-packages\rest_framework\templates\rest_framework\inline first seen with mtime 1783309448.5571523
2026-07-24 09:09:45,389 DEBUG File D:\Programming\GRK\another batch\my_project\.drf\Lib\site-packages\rest_framework\templates\rest_framework\login.html first seen with mtime 1783309448.526738
2026-07-24 09:09:45,389 DEBUG File D:\Programming\GRK\another batch\my_project\.drf\Lib\site-packages\rest_framework\templates\rest_framework\login_base.html first seen with mtime 1783309448.5280936
2026-07-24 09:09:45,389 DEBUG File D:\Programming\GRK\another batch\my_project\.drf\Lib\site-packages\rest_framework\templates\rest_framework\pagination first seen with mtime 1783309448.558589
2026-07-24 09:09:45,389 DEBUG File D:\Programming\GRK\another batch\my_project\.drf\Lib\site-packages\rest_framework\templates\rest_framework\raw_data_form.html first seen with mtime 1783309448.5280936
2026-07-24 09:09:45,389 DEBUG File D:\Programming\GRK\another batch\my_project\.drf\Lib\site-packages\rest_framework\templates\rest_framework\vertical first seen with mtime 1783309448.5680773
2026-07-24 09:09:45,390 DEBUG File D:\Programming\GRK\another batch\my_project\.drf\Lib\site-packages\rest_framework\templates\rest_framework\admin\detail.html first seen with mtime 1783309448.5291865
2026-07-24 09:09:45,390 DEBUG File D:\Programming\GRK\another batch\my_project\.drf\Lib\site-packages\rest_framework\templates\rest_framework\admin\dict_value.html first seen with mtime 1783309448.530432
2026-07-24 09:09:45,390 DEBUG File D:\Programming\GRK\another batch\my_project\.drf\Lib\site-packages\rest_framework\templates\rest_framework\admin\list.html first seen with mtime 1783309448.5314424
2026-07-24 09:09:45,390 DEBUG File D:\Programming\GRK\another batch\my_project\.drf\Lib\site-packages\rest_framework\templates\rest_framework\admin\list_value.html first seen with mtime 1783309448.5324426
2026-07-24 09:09:45,390 DEBUG File D:\Programming\GRK\another batch\my_project\.drf\Lib\site-packages\rest_framework\templates\rest_framework\admin\simple_list_value.html first seen with mtime 1783309448.5324426
2026-07-24 09:09:45,390 DEBUG File D:\Programming\GRK\another batch\my_project\.drf\Lib\site-packages\rest_framework\templates\rest_framework\filters\base.html first seen with mtime 1783309448.5334425
2026-07-24 09:09:45,390 DEBUG File D:\Programming\GRK\another batch\my_project\.drf\Lib\site-packages\rest_framework\templates\rest_framework\filters\ordering.html first seen with mtime 1783309448.534474
2026-07-24 09:09:45,390 DEBUG File D:\Programming\GRK\another batch\my_project\.drf\Lib\site-packages\rest_framework\templates\rest_framework\filters\search.html first seen with mtime 1783309448.5354414
2026-07-24 09:09:45,391 DEBUG File D:\Programming\GRK\another batch\my_project\.drf\Lib\site-packages\rest_framework\templates\rest_framework\horizontal\checkbox.html first seen with mtime 1783309448.5364428
2026-07-24 09:09:45,391 DEBUG File D:\Programming\GRK\another batch\my_project\.drf\Lib\site-packages\rest_framework\templates\rest_framework\horizontal\checkbox_multiple.html first seen with mtime 1783309448.5377104
2026-07-24 09:09:45,391 DEBUG File D:\Programming\GRK\another batch\my_project\.drf\Lib\site-packages\rest_framework\templates\rest_framework\horizontal\dict_field.html first seen with mtime 1783309448.5388875
2026-07-24 09:09:45,391 DEBUG File D:\Programming\GRK\another batch\my_project\.drf\Lib\site-packages\rest_framework\templates\rest_framework\horizontal\fieldset.html first seen with mtime 1783309448.5400486
2026-07-24 09:09:45,391 DEBUG File D:\Programming\GRK\another batch\my_project\.drf\Lib\site-packages\rest_framework\templates\rest_framework\horizontal\form.html first seen with mtime 1783309448.5400486
2026-07-24 09:09:45,391 DEBUG File D:\Programming\GRK\another batch\my_project\.drf\Lib\site-packages\rest_framework\templates\rest_framework\horizontal\input.html first seen with mtime 1783309448.5413117
2026-07-24 09:09:45,391 DEBUG File D:\Programming\GRK\another batch\my_project\.drf\Lib\site-packages\rest_framework\templates\rest_framework\horizontal\list_field.html first seen with mtime 1783309448.5433335
2026-07-24 09:09:45,392 DEBUG File D:\Programming\GRK\another batch\my_project\.drf\Lib\site-packages\rest_framework\templates\rest_framework\horizontal\list_fieldset.html first seen with mtime 1783309448.5445082
2026-07-24 09:09:45,392 DEBUG File D:\Programming\GRK\another batch\my_project\.drf\Lib\site-packages\rest_framework\templates\rest_framework\horizontal\radio.html first seen with mtime 1783309448.5455916
2026-07-24 09:09:45,392 DEBUG File D:\Programming\GRK\another batch\my_project\.drf\Lib\site-packages\rest_framework\templates\rest_framework\horizontal\select.html first seen with mtime 1783309448.5455916
2026-07-24 09:09:45,392 DEBUG File D:\Programming\GRK\another batch\my_project\.drf\Lib\site-packages\rest_framework\templates\rest_framework\horizontal\select_multiple.html first seen with mtime 1783309448.5467074
2026-07-24 09:09:45,392 DEBUG File D:\Programming\GRK\another batch\my_project\.drf\Lib\site-packages\rest_framework\templates\rest_framework\horizontal\textarea.html first seen with mtime 1783309448.5478437
2026-07-24 09:09:45,392 DEBUG File D:\Programming\GRK\another batch\my_project\.drf\Lib\site-packages\rest_framework\templates\rest_framework\inline\checkbox.html first seen with mtime 1783309448.5489378
2026-07-24 09:09:45,392 DEBUG File D:\Programming\GRK\another batch\my_project\.drf\Lib\site-packages\rest_framework\templates\rest_framework\inline\checkbox_multiple.html first seen with mtime 1783309448.5499456
2026-07-24 09:09:45,392 DEBUG File D:\Programming\GRK\another batch\my_project\.drf\Lib\site-packages\rest_framework\templates\rest_framework\inline\dict_field.html first seen with mtime 1783309448.5509465
2026-07-24 09:09:45,393 DEBUG File D:\Programming\GRK\another batch\my_project\.drf\Lib\site-packages\rest_framework\templates\rest_framework\inline\fieldset.html first seen with mtime 1783309448.5509465
2026-07-24 09:09:45,393 DEBUG File D:\Programming\GRK\another batch\my_project\.drf\Lib\site-packages\rest_framework\templates\rest_framework\inline\form.html first seen with mtime 1783309448.5519454
2026-07-24 09:09:45,393 DEBUG File D:\Programming\GRK\another batch\my_project\.drf\Lib\site-packages\rest_framework\templates\rest_framework\inline\input.html first seen with mtime 1783309448.5519454
2026-07-24 09:09:45,393 DEBUG File D:\Programming\GRK\another batch\my_project\.drf\Lib\site-packages\rest_framework\templates\rest_framework\inline\list_field.html first seen with mtime 1783309448.5531585
2026-07-24 09:09:45,393 DEBUG File D:\Programming\GRK\another batch\my_project\.drf\Lib\site-packages\rest_framework\templates\rest_framework\inline\list_fieldset.html first seen with mtime 1783309448.5543194
2026-07-24 09:09:45,393 DEBUG File D:\Programming\GRK\another batch\my_project\.drf\Lib\site-packages\rest_framework\templates\rest_framework\inline\radio.html first seen with mtime 1783309448.5553916
2026-07-24 09:09:45,393 DEBUG File D:\Programming\GRK\another batch\my_project\.drf\Lib\site-packages\rest_framework\templates\rest_framework\inline\select.html first seen with mtime 1783309448.5558968
2026-07-24 09:09:45,393 DEBUG File D:\Programming\GRK\another batch\my_project\.drf\Lib\site-packages\rest_framework\templates\rest_framework\inline\select_multiple.html first seen with mtime 1783309448.5571523
2026-07-24 09:09:45,393 DEBUG File D:\Programming\GRK\another batch\my_project\.drf\Lib\site-packages\rest_framework\templates\rest_framework\inline\textarea.html first seen with mtime 1783309448.5571523
2026-07-24 09:09:45,394 DEBUG File D:\Programming\GRK\another batch\my_project\.drf\Lib\site-packages\rest_framework\templates\rest_framework\pagination\numbers.html first seen with mtime 1783309448.558589
2026-07-24 09:09:45,394 DEBUG File D:\Programming\GRK\another batch\my_project\.drf\Lib\site-packages\rest_framework\templates\rest_framework\pagination\previous_and_next.html first seen with mtime 1783309448.558589
2026-07-24 09:09:45,394 DEBUG File D:\Programming\GRK\another batch\my_project\.drf\Lib\site-packages\rest_framework\templates\rest_framework\vertical\checkbox.html first seen with mtime 1783309448.5597415
2026-07-24 09:09:45,394 DEBUG File D:\Programming\GRK\another batch\my_project\.drf\Lib\site-packages\rest_framework\templates\rest_framework\vertical\checkbox_multiple.html first seen with mtime 1783309448.5609446
2026-07-24 09:09:45,394 DEBUG File D:\Programming\GRK\another batch\my_project\.drf\Lib\site-packages\rest_framework\templates\rest_framework\vertical\dict_field.html first seen with mtime 1783309448.5609446
2026-07-24 09:09:45,394 DEBUG File D:\Programming\GRK\another batch\my_project\.drf\Lib\site-packages\rest_framework\templates\rest_framework\vertical\fieldset.html first seen with mtime 1783309448.5619516
2026-07-24 09:09:45,394 DEBUG File D:\Programming\GRK\another batch\my_project\.drf\Lib\site-packages\rest_framework\templates\rest_framework\vertical\form.html first seen with mtime 1783309448.5619516
2026-07-24 09:09:45,394 DEBUG File D:\Programming\GRK\another batch\my_project\.drf\Lib\site-packages\rest_framework\templates\rest_framework\vertical\input.html first seen with mtime 1783309448.5633202
2026-07-24 09:09:45,395 DEBUG File D:\Programming\GRK\another batch\my_project\.drf\Lib\site-packages\rest_framework\templates\rest_framework\vertical\list_field.html first seen with mtime 1783309448.5648344
2026-07-24 09:09:45,395 DEBUG File D:\Programming\GRK\another batch\my_project\.drf\Lib\site-packages\rest_framework\templates\rest_framework\vertical\list_fieldset.html first seen with mtime 1783309448.5658329
2026-07-24 09:09:45,395 DEBUG File D:\Programming\GRK\another batch\my_project\.drf\Lib\site-packages\rest_framework\templates\rest_framework\vertical\radio.html first seen with mtime 1783309448.5658329
2026-07-24 09:09:45,395 DEBUG File D:\Programming\GRK\another batch\my_project\.drf\Lib\site-packages\rest_framework\templates\rest_framework\vertical\select.html first seen with mtime 1783309448.5669405
2026-07-24 09:09:45,395 DEBUG File D:\Programming\GRK\another batch\my_project\.drf\Lib\site-packages\rest_framework\templates\rest_framework\vertical\select_multiple.html first seen with mtime 1783309448.5680773
2026-07-24 09:09:45,395 DEBUG File D:\Programming\GRK\another batch\my_project\.drf\Lib\site-packages\rest_framework\templates\rest_framework\vertical\textarea.html first seen with mtime 1783309448.5680773
2026-07-24 09:09:45,396 DEBUG File D:\Programming\GRK\another batch\my_project\.drf\Lib\site-packages\rest_framework\locale\ach\LC_MESSAGES\django.mo first seen with mtime 1783309448.3546343
2026-07-24 09:09:45,396 DEBUG File D:\Programming\GRK\another batch\my_project\.drf\Lib\site-packages\rest_framework\locale\ar\LC_MESSAGES\django.mo first seen with mtime 1783309448.355914
2026-07-24 09:09:45,397 DEBUG File D:\Programming\GRK\another batch\my_project\.drf\Lib\site-packages\rest_framework\locale\az\LC_MESSAGES\django.mo first seen with mtime 1783309448.356419
2026-07-24 09:09:45,397 DEBUG File D:\Programming\GRK\another batch\my_project\.drf\Lib\site-packages\rest_framework\locale\be\LC_MESSAGES\django.mo first seen with mtime 1783309448.3575513
2026-07-24 09:09:45,398 DEBUG File D:\Programming\GRK\another batch\my_project\.drf\Lib\site-packages\rest_framework\locale\bg\LC_MESSAGES\django.mo first seen with mtime 1783309448.3590136
2026-07-24 09:09:45,398 DEBUG File D:\Programming\GRK\another batch\my_project\.drf\Lib\site-packages\rest_framework\locale\ca\LC_MESSAGES\django.mo first seen with mtime 1783309448.3602507
2026-07-24 09:09:45,398 DEBUG File D:\Programming\GRK\another batch\my_project\.drf\Lib\site-packages\rest_framework\locale\ca_ES\LC_MESSAGES\django.mo first seen with mtime 1783309448.3612597
2026-07-24 09:09:45,398 DEBUG File D:\Programming\GRK\another batch\my_project\.drf\Lib\site-packages\rest_framework\locale\cs\LC_MESSAGES\django.mo first seen with mtime 1783309448.3624787
2026-07-24 09:09:45,401 DEBUG File D:\Programming\GRK\another batch\my_project\.drf\Lib\site-packages\rest_framework\locale\da\LC_MESSAGES\django.mo first seen with mtime 1783309448.3883958
2026-07-24 09:09:45,402 DEBUG File D:\Programming\GRK\another batch\my_project\.drf\Lib\site-packages\rest_framework\locale\de\LC_MESSAGES\django.mo first seen with mtime 1783309448.3896005
2026-07-24 09:09:45,403 DEBUG File D:\Programming\GRK\another batch\my_project\.drf\Lib\site-packages\rest_framework\locale\el\LC_MESSAGES\django.mo first seen with mtime 1783309448.3906095
2026-07-24 09:09:45,404 DEBUG File D:\Programming\GRK\another batch\my_project\.drf\Lib\site-packages\rest_framework\locale\el_GR\LC_MESSAGES\django.mo first seen with mtime 1783309448.391609
2026-07-24 09:09:45,404 DEBUG File D:\Programming\GRK\another batch\my_project\.drf\Lib\site-packages\rest_framework\locale\en\LC_MESSAGES\django.mo first seen with mtime 1783309448.393609
2026-07-24 09:09:45,405 DEBUG File D:\Programming\GRK\another batch\my_project\.drf\Lib\site-packages\rest_framework\locale\en_AU\LC_MESSAGES\django.mo first seen with mtime 1783309448.393609
2026-07-24 09:09:45,405 DEBUG File D:\Programming\GRK\another batch\my_project\.drf\Lib\site-packages\rest_framework\locale\en_CA\LC_MESSAGES\django.mo first seen with mtime 1783309448.394937
2026-07-24 09:09:45,405 DEBUG File D:\Programming\GRK\another batch\my_project\.drf\Lib\site-packages\rest_framework\locale\en_US\LC_MESSAGES\django.mo first seen with mtime 1783309448.3961685
2026-07-24 09:09:45,405 DEBUG File D:\Programming\GRK\another batch\my_project\.drf\Lib\site-packages\rest_framework\locale\es\LC_MESSAGES\django.mo first seen with mtime 1783309448.3972926
2026-07-24 09:09:45,406 DEBUG File D:\Programming\GRK\another batch\my_project\.drf\Lib\site-packages\rest_framework\locale\et\LC_MESSAGES\django.mo first seen with mtime 1783309448.3996964
2026-07-24 09:09:45,406 DEBUG File D:\Programming\GRK\another batch\my_project\.drf\Lib\site-packages\rest_framework\locale\fa\LC_MESSAGES\django.mo first seen with mtime 1783309448.4007215
2026-07-24 09:09:45,406 DEBUG File D:\Programming\GRK\another batch\my_project\.drf\Lib\site-packages\rest_framework\locale\fa_IR\LC_MESSAGES\django.mo first seen with mtime 1783309448.4019735
2026-07-24 09:09:45,407 DEBUG File D:\Programming\GRK\another batch\my_project\.drf\Lib\site-packages\rest_framework\locale\fi\LC_MESSAGES\django.mo first seen with mtime 1783309448.4030602
2026-07-24 09:09:45,407 DEBUG File D:\Programming\GRK\another batch\my_project\.drf\Lib\site-packages\rest_framework\locale\fr\LC_MESSAGES\django.mo first seen with mtime 1783309448.4042127
2026-07-24 09:09:45,408 DEBUG File D:\Programming\GRK\another batch\my_project\.drf\Lib\site-packages\rest_framework\locale\fr_CA\LC_MESSAGES\django.mo first seen with mtime 1783309448.4056814
2026-07-24 09:09:45,408 DEBUG File D:\Programming\GRK\another batch\my_project\.drf\Lib\site-packages\rest_framework\locale\gl\LC_MESSAGES\django.mo first seen with mtime 1783309448.4075093
2026-07-24 09:09:45,408 DEBUG File D:\Programming\GRK\another batch\my_project\.drf\Lib\site-packages\rest_framework\locale\gl_ES\LC_MESSAGES\django.mo first seen with mtime 1783309448.4086406
2026-07-24 09:09:45,409 DEBUG File D:\Programming\GRK\another batch\my_project\.drf\Lib\site-packages\rest_framework\locale\he_IL\LC_MESSAGES\django.mo first seen with mtime 1783309448.4086406
2026-07-24 09:09:45,410 DEBUG File D:\Programming\GRK\another batch\my_project\.drf\Lib\site-packages\rest_framework\locale\hu\LC_MESSAGES\django.mo first seen with mtime 1783309448.4097788
2026-07-24 09:09:45,410 DEBUG File D:\Programming\GRK\another batch\my_project\.drf\Lib\site-packages\rest_framework\locale\hy\LC_MESSAGES\django.mo first seen with mtime 1783309448.4110394
2026-07-24 09:09:45,410 DEBUG File D:\Programming\GRK\another batch\my_project\.drf\Lib\site-packages\rest_framework\locale\id\LC_MESSAGES\django.mo first seen with mtime 1783309448.4122496
2026-07-24 09:09:45,411 DEBUG File D:\Programming\GRK\another batch\my_project\.drf\Lib\site-packages\rest_framework\locale\it\LC_MESSAGES\django.mo first seen with mtime 1783309448.414753
2026-07-24 09:09:45,411 DEBUG File D:\Programming\GRK\another batch\my_project\.drf\Lib\site-packages\rest_framework\locale\ja\LC_MESSAGES\django.mo first seen with mtime 1783309448.4168677
2026-07-24 09:09:45,411 DEBUG File D:\Programming\GRK\another batch\my_project\.drf\Lib\site-packages\rest_framework\locale\kk\LC_MESSAGES\django.mo first seen with mtime 1783309448.4180734
2026-07-24 09:09:45,412 DEBUG File D:\Programming\GRK\another batch\my_project\.drf\Lib\site-packages\rest_framework\locale\ko_KR\LC_MESSAGES\django.mo first seen with mtime 1783309448.4200814
2026-07-24 09:09:45,412 DEBUG File D:\Programming\GRK\another batch\my_project\.drf\Lib\site-packages\rest_framework\locale\lt\LC_MESSAGES\django.mo first seen with mtime 1783309448.4222882
2026-07-24 09:09:45,413 DEBUG File D:\Programming\GRK\another batch\my_project\.drf\Lib\site-packages\rest_framework\locale\lv\LC_MESSAGES\django.mo first seen with mtime 1783309448.4247026
2026-07-24 09:09:45,413 DEBUG File D:\Programming\GRK\another batch\my_project\.drf\Lib\site-packages\rest_framework\locale\mk\LC_MESSAGES\django.mo first seen with mtime 1783309448.4267113
2026-07-24 09:09:45,413 DEBUG File D:\Programming\GRK\another batch\my_project\.drf\Lib\site-packages\rest_framework\locale\nb\LC_MESSAGES\django.mo first seen with mtime 1783309448.4292417
2026-07-24 09:09:45,414 DEBUG File D:\Programming\GRK\another batch\my_project\.drf\Lib\site-packages\rest_framework\locale\ne_NP\LC_MESSAGES\django.mo first seen with mtime 1783309448.4328308
2026-07-24 09:09:45,414 DEBUG File D:\Programming\GRK\another batch\my_project\.drf\Lib\site-packages\rest_framework\locale\nl\LC_MESSAGES\django.mo first seen with mtime 1783309448.4341266
2026-07-24 09:09:45,414 DEBUG File D:\Programming\GRK\another batch\my_project\.drf\Lib\site-packages\rest_framework\locale\nn\LC_MESSAGES\django.mo first seen with mtime 1783309448.435283
2026-07-24 09:09:45,414 DEBUG File D:\Programming\GRK\another batch\my_project\.drf\Lib\site-packages\rest_framework\locale\no\LC_MESSAGES\django.mo first seen with mtime 1783309448.436291
2026-07-24 09:09:45,415 DEBUG File D:\Programming\GRK\another batch\my_project\.drf\Lib\site-packages\rest_framework\locale\pl\LC_MESSAGES\django.mo first seen with mtime 1783309448.4382906
2026-07-24 09:09:45,415 DEBUG File D:\Programming\GRK\another batch\my_project\.drf\Lib\site-packages\rest_framework\locale\pt\LC_MESSAGES\django.mo first seen with mtime 1783309448.440845
2026-07-24 09:09:45,415 DEBUG File D:\Programming\GRK\another batch\my_project\.drf\Lib\site-packages\rest_framework\locale\pt_BR\LC_MESSAGES\django.mo first seen with mtime 1783309448.4433372
2026-07-24 09:09:45,416 DEBUG File D:\Programming\GRK\another batch\my_project\.drf\Lib\site-packages\rest_framework\locale\pt_PT\LC_MESSAGES\django.mo first seen with mtime 1783309448.444667
2026-07-24 09:09:45,416 DEBUG File D:\Programming\GRK\another batch\my_project\.drf\Lib\site-packages\rest_framework\locale\ro\LC_MESSAGES\django.mo first seen with mtime 1783309448.445995
2026-07-24 09:09:45,416 DEBUG File D:\Programming\GRK\another batch\my_project\.drf\Lib\site-packages\rest_framework\locale\ru\LC_MESSAGES\django.mo first seen with mtime 1783309448.4471133
2026-07-24 09:09:45,416 DEBUG File D:\Programming\GRK\another batch\my_project\.drf\Lib\site-packages\rest_framework\locale\ru_RU\LC_MESSAGES\django.mo first seen with mtime 1783309448.4491196
2026-07-24 09:09:45,417 DEBUG File D:\Programming\GRK\another batch\my_project\.drf\Lib\site-packages\rest_framework\locale\sk\LC_MESSAGES\django.mo first seen with mtime 1783309448.4491196
2026-07-24 09:09:45,417 DEBUG File D:\Programming\GRK\another batch\my_project\.drf\Lib\site-packages\rest_framework\locale\sl\LC_MESSAGES\django.mo first seen with mtime 1783309448.4515738
2026-07-24 09:09:45,417 DEBUG File D:\Programming\GRK\another batch\my_project\.drf\Lib\site-packages\rest_framework\locale\sv\LC_MESSAGES\django.mo first seen with mtime 1783309448.452923
2026-07-24 09:09:45,417 DEBUG File D:\Programming\GRK\another batch\my_project\.drf\Lib\site-packages\rest_framework\locale\th\LC_MESSAGES\django.mo first seen with mtime 1783309448.45413
2026-07-24 09:09:45,418 DEBUG File D:\Programming\GRK\another batch\my_project\.drf\Lib\site-packages\rest_framework\locale\tr\LC_MESSAGES\django.mo first seen with mtime 1783309448.455451
2026-07-24 09:09:45,418 DEBUG File D:\Programming\GRK\another batch\my_project\.drf\Lib\site-packages\rest_framework\locale\tr_TR\LC_MESSAGES\django.mo first seen with mtime 1783309448.4566896
2026-07-24 09:09:45,419 DEBUG File D:\Programming\GRK\another batch\my_project\.drf\Lib\site-packages\rest_framework\locale\uk\LC_MESSAGES\django.mo first seen with mtime 1783309448.4578161
2026-07-24 09:09:45,419 DEBUG File D:\Programming\GRK\another batch\my_project\.drf\Lib\site-packages\rest_framework\locale\vi\LC_MESSAGES\django.mo first seen with mtime 1783309448.4589915
2026-07-24 09:09:45,420 DEBUG File D:\Programming\GRK\another batch\my_project\.drf\Lib\site-packages\rest_framework\locale\zh_CN\LC_MESSAGES\django.mo first seen with mtime 1783309448.461216
2026-07-24 09:09:45,420 DEBUG File D:\Programming\GRK\another batch\my_project\.drf\Lib\site-packages\rest_framework\locale\zh_Hans\LC_MESSAGES\django.mo first seen with mtime 1783309448.462214
2026-07-24 09:09:45,421 DEBUG File D:\Programming\GRK\another batch\my_project\.drf\Lib\site-packages\rest_framework\locale\zh_Hant\LC_MESSAGES\django.mo first seen with mtime 1783309448.4646442
2026-07-24 09:09:45,421 DEBUG File D:\Programming\GRK\another batch\my_project\.drf\Lib\site-packages\rest_framework\locale\zh_TW\LC_MESSAGES\django.mo first seen with mtime 1783309448.4660826
2026-07-24 09:09:46,579 DEBUG File D:\Programming\GRK\another batch\my_project\Hospital\User\migrations\__init__.py first seen with mtime 1784258035.282163
2026-07-24 09:09:46,579 DEBUG File D:\Programming\GRK\another batch\my_project\Hospital\UserReg\migrations\0002_alter_userregistration_user_id.py first seen with mtime 1783912259.7900066
2026-07-24 09:09:46,579 DEBUG File D:\Programming\GRK\another batch\my_project\.drf\Lib\site-packages\django\contrib\auth\migrations\0009_alter_user_last_name_max_length.py first seen with mtime 1783309430.6685839
2026-07-24 09:09:46,579 DEBUG File D:\Programming\GRK\another batch\my_project\.drf\Lib\site-packages\django\contrib\auth\migrations\0003_alter_user_email_max_length.py first seen with mtime 1783309430.6633964
2026-07-24 09:09:46,580 DEBUG File D:\Programming\GRK\another batch\my_project\.drf\Lib\site-packages\django\contrib\auth\migrations\0002_alter_permission_name_max_length.py first seen with mtime 1783309430.6614404
2026-07-24 09:09:46,581 DEBUG File D:\Programming\GRK\another batch\my_project\.drf\Lib\site-packages\django\contrib\contenttypes\migrations\0002_remove_content_type_name.py first seen with mtime 1783309430.9511058
2026-07-24 09:09:46,581 DEBUG File D:\Programming\GRK\another batch\my_project\.drf\Lib\site-packages\django\contrib\auth\migrations\0011_update_proxy_permissions.py first seen with mtime 1783309430.6695948
2026-07-24 09:09:46,581 DEBUG File D:\Programming\GRK\another batch\my_project\.drf\Lib\site-packages\django\contrib\auth\migrations\0008_alter_user_username_max_length.py first seen with mtime 1783309430.6680772
2026-07-24 09:09:46,582 DEBUG File D:\Programming\GRK\another batch\my_project\.drf\Lib\site-packages\django\contrib\sessions\migrations\__init__.py first seen with mtime 1783309432.6880677
2026-07-24 09:09:46,583 DEBUG File D:\Programming\GRK\another batch\my_project\.drf\Lib\site-packages\django\contrib\admin\migrations\0002_logentry_remove_auto_add.py first seen with mtime 1783309429.7918644
2026-07-24 09:09:46,583 DEBUG File D:\Programming\GRK\another batch\my_project\Hospital\UserReg\migrations\__init__.py first seen with mtime 1783481012.9878244
2026-07-24 09:09:46,585 DEBUG File D:\Programming\GRK\another batch\my_project\.drf\Lib\site-packages\django\db\migrations\executor.py first seen with mtime 1783309433.128525
2026-07-24 09:09:46,585 DEBUG File D:\Programming\GRK\another batch\my_project\.drf\Lib\site-packages\django\db\models\sql\compiler.py first seen with mtime 1783309433.1832554
2026-07-24 09:09:46,585 DEBUG File D:\Programming\GRK\another batch\my_project\.drf\Lib\site-packages\django\contrib\admin\migrations\0001_initial.py first seen with mtime 1783309429.7897382
2026-07-24 09:09:46,585 DEBUG File D:\Programming\GRK\another batch\my_project\Hospital\UserReg\migrations\0005_alter_userregistration_user_mobile_and_more.py first seen with mtime 1783999467.7127142
2026-07-24 09:09:46,586 DEBUG File D:\Programming\GRK\another batch\my_project\.drf\Lib\site-packages\django\db\migrations\recorder.py first seen with mtime 1783309433.1339087
2026-07-24 09:09:46,587 DEBUG File D:\Programming\GRK\another batch\my_project\.drf\Lib\site-packages\django\contrib\auth\migrations\0010_alter_group_name_max_length.py first seen with mtime 1783309430.6695948
2026-07-24 09:09:46,588 DEBUG File D:\Programming\GRK\another batch\my_project\.drf\Lib\site-packages\django\contrib\auth\migrations\0007_alter_validators_add_error_messages.py first seen with mtime 1783309430.666855
2026-07-24 09:09:46,588 DEBUG File D:\Programming\GRK\another batch\my_project\.drf\Lib\site-packages\django\contrib\contenttypes\migrations\0001_initial.py first seen with mtime 1783309430.9499571
2026-07-24 09:09:46,589 DEBUG File D:\Programming\GRK\another batch\my_project\.drf\Lib\site-packages\django\contrib\auth\migrations\0001_initial.py first seen with mtime 1783309430.6591372
2026-07-24 09:09:46,589 DEBUG File D:\Programming\GRK\another batch\my_project\.drf\Lib\site-packages\django\contrib\sessions\backends\db.py first seen with mtime 1783309432.4500992
2026-07-24 09:09:46,589 DEBUG File D:\Programming\GRK\another batch\my_project\.drf\Lib\site-packages\django\contrib\auth\migrations\0005_alter_user_last_login_null.py first seen with mtime 1783309430.6655557
2026-07-24 09:09:46,590 DEBUG File D:\Programming\GRK\another batch\my_project\.drf\Lib\site-packages\django\contrib\admin\migrations\0003_logentry_add_action_flag_choices.py first seen with mtime 1783309429.7932532
2026-07-24 09:09:46,591 DEBUG File D:\Programming\GRK\another batch\my_project\Hospital\UserReg\migrations\0003_alter_userregistration_user_id.py first seen with mtime 1783912389.4445684
2026-07-24 09:09:46,593 DEBUG File D:\Programming\GRK\another batch\my_project\.drf\Lib\site-packages\django\views\csrf.py first seen with mtime 1783309433.419065
2026-07-24 09:09:46,593 DEBUG File D:\Programming\GRK\another batch\my_project\.drf\Lib\site-packages\django\core\management\commands\migrate.py first seen with mtime 1783309433.0514524
2026-07-24 09:09:46,593 DEBUG File D:\Programming\GRK\another batch\my_project\.drf\Lib\site-packages\django\contrib\auth\migrations\0006_require_contenttypes_0002.py first seen with mtime 1783309430.6655557
2026-07-24 09:09:46,593 DEBUG File D:\Programming\GRK\another batch\my_project\Hospital\User\migrations\0001_initial.py first seen with mtime 1784518890.66922
2026-07-24 09:09:46,594 DEBUG File D:\Programming\GRK\another batch\my_project\.drf\Lib\site-packages\django\db\migrations\serializer.py first seen with mtime 1783309433.135036
2026-07-24 09:09:46,594 DEBUG File D:\Programming\GRK\another batch\my_project\.drf\Lib\site-packages\django\contrib\auth\migrations\0004_alter_user_username_opts.py first seen with mtime 1783309430.6644056
2026-07-24 09:09:46,594 DEBUG File D:\Programming\GRK\another batch\my_project\.drf\Lib\site-packages\django\contrib\admin\migrations\__init__.py first seen with mtime 1783309429.7932532
2026-07-24 09:09:46,596 DEBUG File D:\Programming\GRK\another batch\my_project\Hospital\UserReg\migrations\0004_alter_userregistration_user_id_and_more.py first seen with mtime 1783912698.5630374
2026-07-24 09:09:46,596 DEBUG File D:\Programming\GRK\another batch\my_project\Hospital\Hospital\wsgi.py first seen with mtime 1783393750.3849933
2026-07-24 09:09:46,596 DEBUG File D:\Programming\GRK\another batch\my_project\.drf\Lib\site-packages\MySQLdb\connections.py first seen with mtime 1783568427.2412958
2026-07-24 09:09:46,596 DEBUG File D:\Programming\GRK\another batch\my_project\.drf\Lib\site-packages\django\contrib\auth\migrations\0012_alter_user_first_name_max_length.py first seen with mtime 1783309430.670889
2026-07-24 09:09:46,597 DEBUG File D:\Programming\GRK\another batch\my_project\.drf\Lib\site-packages\django\db\backends\mysql\compiler.py first seen with mtime 1783309433.093204
2026-07-24 09:09:46,597 DEBUG File D:\Programming\GRK\another batch\my_project\.drf\Lib\site-packages\django\contrib\sessions\migrations\0001_initial.py first seen with mtime 1783309432.6868396
2026-07-24 09:09:46,597 DEBUG File D:\Programming\GRK\another batch\my_project\.drf\Lib\site-packages\django\contrib\contenttypes\migrations\__init__.py first seen with mtime 1783309430.9511058
2026-07-24 09:09:46,598 DEBUG File D:\Programming\GRK\another batch\my_project\.drf\Lib\site-packages\django\contrib\auth\migrations\__init__.py first seen with mtime 1783309430.670889
2026-07-24 09:09:46,599 DEBUG File D:\Programming\GRK\another batch\my_project\Hospital\UserReg\migrations\0001_initial.py first seen with mtime 1783568479.3269577
2026-07-24 09:09:46,600 DEBUG File D:\Programming\GRK\another batch\my_project\.drf\Lib\site-packages\MySQLdb\cursors.py first seen with mtime 1783568427.243544
2026-07-24 09:09:46,601 DEBUG File D:\Programming\GRK\another batch\my_project\.drf\Lib\site-packages\django\db\migrations\graph.py first seen with mtime 1783309433.1296837
2026-07-24 09:09:46,602 DEBUG File D:\Programming\GRK\another batch\my_project\Hospital\UserReg\migrations\0006_alter_userregistration_user_name.py first seen with mtime 1784000195.729684
2026-07-24 09:09:46,602 DEBUG File D:\Programming\GRK\another batch\my_project\.drf\Lib\site-packages\django\middleware\clickjacking.py first seen with mtime 1783309433.3190956
2026-07-24 09:09:46,603 DEBUG File D:\Programming\GRK\another batch\my_project\.drf\Lib\site-packages\django\db\migrations\writer.py first seen with mtime 1783309433.138457
2026-07-24 09:09:49,291 DEBUG (0.000) 
                SELECT VERSION(),
                       @@sql_mode,
                       @@default_storage_engine,
                       @@sql_auto_is_null,
                       @@lower_case_table_names,
                       CONVERT_TZ('2001-01-01 01:00:00', 'UTC', 'UTC') IS NOT NULL
            ; args=None; alias=default
2026-07-24 09:09:49,291 DEBUG (0.000) SET SESSION TRANSACTION ISOLATION LEVEL READ COMMITTED; args=None; alias=default
2026-07-24 09:09:49,292 DEBUG (0.000) SELECT `registration`.`user_id`, `registration`.`user_name`, `registration`.`user_email`, `registration`.`dob`, `registration`.`user_reg_date`, `registration`.`password`, `registration`.`gender` FROM `registration` WHERE `registration`.`user_email` = 'vk123@vk.in' LIMIT 21; args=('vk123@vk.in',); alias=default
2026-07-24 09:09:50,032 DEBUG File D:\Programming\GRK\another batch\my_project\.drf\Lib\site-packages\django\contrib\messages\storage\cookie.py first seen with mtime 1783309431.9431424
2026-07-24 09:09:50,035 DEBUG File D:\Programming\GRK\another batch\my_project\.drf\Lib\site-packages\django\contrib\messages\storage\fallback.py first seen with mtime 1783309431.9448962
2026-07-24 09:09:50,049 DEBUG File D:\Programming\GRK\another batch\my_project\.drf\Lib\site-packages\django\contrib\sessions\serializers.py first seen with mtime 1783309432.4464145
2026-07-24 09:09:50,052 DEBUG File D:\Programming\GRK\another batch\my_project\.drf\Lib\site-packages\django\contrib\messages\storage\session.py first seen with mtime 1783309431.9448962
2026-07-24 09:09:50,058 INFO "POST /user/userlogin/ HTTP/1.1" 200 552
2026-07-24 09:09:51,330 DEBUG File D:\Programming\GRK\another batch\my_project\.drf\Lib\site-packages\cryptography\exceptions.py first seen with mtime 1784603761.3517861
2026-07-24 09:09:51,331 DEBUG File D:\Programming\GRK\another batch\my_project\.drf\Lib\site-packages\jwt\jwk_set_cache.py first seen with mtime 1784726175.1617332
2026-07-24 09:09:51,331 DEBUG File D:\Programming\GRK\another batch\my_project\.drf\Lib\site-packages\jwt\warnings.py first seen with mtime 1784726175.164739
2026-07-24 09:09:51,333 DEBUG File D:\Programming\GRK\another batch\my_project\.drf\Lib\site-packages\cryptography\__about__.py first seen with mtime 1784603761.3507848
2026-07-24 09:09:51,333 DEBUG File D:\Programming\GRK\another batch\my_project\.drf\Lib\site-packages\cryptography\hazmat\backends\__init__.py first seen with mtime 1784603761.3567896
2026-07-24 09:09:51,333 DEBUG File D:\Programming\GRK\another batch\my_project\.drf\Lib\site-packages\cryptography\hazmat\primitives\asymmetric\ed25519.py first seen with mtime 1784603761.5606997
2026-07-24 09:09:51,333 DEBUG File D:\Programming\GRK\another batch\my_project\.drf\Lib\site-packages\cryptography\hazmat\bindings\__init__.py first seen with mtime 1784603761.358785
2026-07-24 09:09:51,334 DEBUG File D:\Programming\GRK\another batch\my_project\.drf\Lib\site-packages\jwt\algorithms.py first seen with mtime 1784726175.1572728
2026-07-24 09:09:51,335 DEBUG File D:\Programming\GRK\another batch\my_project\.drf\Lib\site-packages\jwt\types.py first seen with mtime 1784726175.1627398
2026-07-24 09:09:51,335 DEBUG File D:\Programming\GRK\another batch\my_project\.drf\Lib\site-packages\cryptography\hazmat\decrepit\ciphers\algorithms.py first seen with mtime 1784603761.5531006
2026-07-24 09:09:51,335 DEBUG File D:\Programming\GRK\another batch\my_project\.drf\Lib\site-packages\jwt\exceptions.py first seen with mtime 1784726175.160362
2026-07-24 09:09:51,336 DEBUG File D:\Programming\GRK\another batch\my_project\.drf\Lib\site-packages\rest_framework_simplejwt\state.py first seen with mtime 1784726175.3505828
2026-07-24 09:09:51,337 DEBUG File D:\Programming\GRK\another batch\my_project\.drf\Lib\site-packages\_cffi_backend.cp311-win_amd64.pyd first seen with mtime 1784603760.787916
2026-07-24 09:09:51,337 DEBUG File D:\Programming\GRK\another batch\my_project\.drf\Lib\site-packages\cryptography\hazmat\primitives\asymmetric\rsa.py first seen with mtime 1784603761.5644994
2026-07-24 09:09:51,337 DEBUG File D:\Programming\GRK\another batch\my_project\.drf\Lib\site-packages\cryptography\hazmat\primitives\__init__.py first seen with mtime 1784603761.5551064
2026-07-24 09:09:51,338 DEBUG File D:\Programming\GRK\another batch\my_project\.drf\Lib\site-packages\cryptography\__init__.py first seen with mtime 1784603761.3517861
2026-07-24 09:09:51,339 DEBUG File D:\Programming\GRK\another batch\my_project\.drf\Lib\site-packages\cryptography\utils.py first seen with mtime 1784603761.588202
2026-07-24 09:09:51,340 DEBUG File D:\Programming\GRK\another batch\my_project\.drf\Lib\site-packages\cryptography\hazmat\primitives\asymmetric\ec.py first seen with mtime 1784603761.5606997
2026-07-24 09:09:51,341 DEBUG File D:\Programming\GRK\another batch\my_project\.drf\Lib\site-packages\cryptography\hazmat\primitives\_cipheralgorithm.py first seen with mtime 1784603761.5561073
2026-07-24 09:09:51,342 DEBUG File D:\Programming\GRK\another batch\my_project\.drf\Lib\site-packages\jwt\__init__.py first seen with mtime 1784726175.1572728
2026-07-24 09:09:51,342 DEBUG File D:\Programming\GRK\another batch\my_project\.drf\Lib\site-packages\cryptography\hazmat\__init__.py first seen with mtime 1784603761.353786
2026-07-24 09:09:51,342 DEBUG File D:\Programming\GRK\another batch\my_project\.drf\Lib\site-packages\cryptography\hazmat\decrepit\ciphers\__init__.py first seen with mtime 1784603761.5531006
2026-07-24 09:09:51,342 DEBUG File D:\Programming\GRK\another batch\my_project\.drf\Lib\site-packages\jwt\jwks_client.py first seen with mtime 1784726175.1627398
2026-07-24 09:09:51,343 DEBUG File D:\Programming\GRK\another batch\my_project\.drf\Lib\site-packages\jwt\utils.py first seen with mtime 1784726175.1637392
2026-07-24 09:09:51,345 DEBUG File D:\Programming\GRK\another batch\my_project\.drf\Lib\site-packages\jwt\api_jwk.py first seen with mtime 1784726175.1582706
2026-07-24 09:09:51,346 DEBUG File D:\Programming\GRK\another batch\my_project\.drf\Lib\site-packages\rest_framework_simplejwt\backends.py first seen with mtime 1784726175.347584
2026-07-24 09:09:51,346 DEBUG File D:\Programming\GRK\another batch\my_project\.drf\Lib\site-packages\cryptography\hazmat\primitives\hashes.py first seen with mtime 1784603761.5725462
2026-07-24 09:09:51,348 DEBUG File D:\Programming\GRK\another batch\my_project\.drf\Lib\site-packages\cryptography\hazmat\primitives\asymmetric\ed448.py first seen with mtime 1784603761.5620527
2026-07-24 09:09:51,348 DEBUG File D:\Programming\GRK\another batch\my_project\.drf\Lib\site-packages\cryptography\hazmat\primitives\serialization\base.py first seen with mtime 1784603761.5817518
2026-07-24 09:09:51,348 DEBUG File D:\Programming\GRK\another batch\my_project\.drf\Lib\site-packages\cryptography\hazmat\bindings\_rust.pyd first seen with mtime 1784603761.5483038
2026-07-24 09:09:51,349 DEBUG File D:\Programming\GRK\another batch\my_project\.drf\Lib\site-packages\cryptography\hazmat\_oid.py first seen with mtime 1784603761.3547924
2026-07-24 09:09:51,350 DEBUG File D:\Programming\GRK\another batch\my_project\.drf\Lib\site-packages\cryptography\hazmat\decrepit\ciphers\modes.py first seen with mtime 1784603761.5541086
2026-07-24 09:09:51,350 DEBUG File D:\Programming\GRK\another batch\my_project\.drf\Lib\site-packages\jwt\api_jwt.py first seen with mtime 1784726175.1592817
2026-07-24 09:09:51,351 DEBUG File D:\Programming\GRK\another batch\my_project\.drf\Lib\site-packages\cryptography\hazmat\primitives\serialization\__init__.py first seen with mtime 1784603761.5817518
2026-07-24 09:09:51,352 DEBUG File D:\Programming\GRK\another batch\my_project\.drf\Lib\site-packages\cryptography\hazmat\primitives\_asymmetric.py first seen with mtime 1784603761.5561073
2026-07-24 09:09:51,354 DEBUG File D:\Programming\GRK\another batch\my_project\.drf\Lib\site-packages\cryptography\hazmat\decrepit\__init__.py first seen with mtime 1784603761.5518456
2026-07-24 09:09:51,356 DEBUG File D:\Programming\GRK\another batch\my_project\.drf\Lib\site-packages\cryptography\hazmat\primitives\asymmetric\__init__.py first seen with mtime 1784603761.55861
2026-07-24 09:09:51,356 DEBUG File D:\Programming\GRK\another batch\my_project\.drf\Lib\site-packages\cryptography\hazmat\primitives\_serialization.py first seen with mtime 1784603761.5571077
2026-07-24 09:09:51,358 DEBUG File D:\Programming\GRK\another batch\my_project\.drf\Lib\site-packages\jwt\api_jws.py first seen with mtime 1784726175.1592817
2026-07-24 09:09:51,358 DEBUG File D:\Programming\GRK\another batch\my_project\.drf\Lib\site-packages\cryptography\hazmat\primitives\asymmetric\utils.py first seen with mtime 1784603761.565507
2026-07-24 09:09:51,360 DEBUG File D:\Programming\GRK\another batch\my_project\.drf\Lib\site-packages\cryptography\hazmat\primitives\asymmetric\dsa.py first seen with mtime 1784603761.5596192
2026-07-24 09:09:51,360 DEBUG File D:\Programming\GRK\another batch\my_project\.drf\Lib\site-packages\cryptography\hazmat\primitives\ciphers\base.py first seen with mtime 1784603761.5692494
2026-07-24 09:09:51,361 DEBUG File D:\Programming\GRK\another batch\my_project\.drf\Lib\site-packages\cryptography\hazmat\primitives\_modes.py first seen with mtime 1784603761.5571077
2026-07-24 09:09:51,363 DEBUG File D:\Programming\GRK\another batch\my_project\.drf\Lib\site-packages\cryptography\hazmat\primitives\serialization\ssh.py first seen with mtime 1784603761.585251
2026-07-24 09:09:51,364 DEBUG File D:\Programming\GRK\another batch\my_project\.drf\Lib\site-packages\cryptography\hazmat\primitives\asymmetric\padding.py first seen with mtime 1784603761.5634992
2026-07-24 09:09:51,365 DEBUG File D:\Programming\GRK\another batch\my_project\.drf\Lib\site-packages\cryptography\hazmat\primitives\ciphers\__init__.py first seen with mtime 1784603761.5682411
2026-07-24 09:11:39,677 DEBUG File D:\Programming\GRK\another batch\my_project\Hospital\Hospital\settings.py previous mtime: 1784864378.6446812, current mtime: 1784864499.2567155
2026-07-24 09:11:39,678 DEBUG D:\Programming\GRK\another batch\my_project\Hospital\Hospital\settings.py notified as changed. Signal results: [(<function template_changed at 0x000001B9DD847060>, None), (<function translation_file_changed at 0x000001B9DEAECD60>, None)].
2026-07-24 09:11:39,678 INFO D:\Programming\GRK\another batch\my_project\Hospital\Hospital\settings.py changed, reloading.
2026-07-24 09:12:23,908 INFO Watching for file changes with StatReloader
2026-07-24 09:12:38,358 DEBUG User Tried to login
2026-07-24 09:12:39,125 INFO User loggined in successfully and generated the tokens
2026-07-24 09:13:19,165 DEBUG User Tried to login
2026-07-24 09:13:19,799 INFO User loggined in successfully and generated the tokens
2026-07-24 09:13:52,331 INFO D:\Programming\GRK\another batch\my_project\Hospital\UserReg\views.py changed, reloading.
2026-07-24 09:13:53,139 INFO Watching for file changes with StatReloader
2026-07-24 09:13:59,217 INFO D:\Programming\GRK\another batch\my_project\Hospital\UserReg\views.py changed, reloading.
2026-07-24 09:13:59,859 INFO Watching for file changes with StatReloader
2026-07-24 09:14:02,837 INFO D:\Programming\GRK\another batch\my_project\Hospital\UserReg\views.py changed, reloading.
2026-07-24 09:14:03,599 INFO Watching for file changes with StatReloader
2026-07-24 09:14:08,639 INFO D:\Programming\GRK\another batch\my_project\Hospital\UserReg\views.py changed, reloading.
2026-07-24 09:14:09,349 INFO Watching for file changes with StatReloader
2026-07-24 09:14:17,516 INFO D:\Programming\GRK\another batch\my_project\Hospital\UserReg\views.py changed, reloading.
2026-07-24 09:14:18,168 INFO Watching for file changes with StatReloader
2026-07-24 09:14:22,980 INFO D:\Programming\GRK\another batch\my_project\Hospital\UserReg\views.py changed, reloading.
2026-07-24 09:14:23,917 INFO Watching for file changes with StatReloader
2026-07-24 09:14:34,069 INFO D:\Programming\GRK\another batch\my_project\Hospital\UserReg\views.py changed, reloading.
2026-07-24 09:14:34,927 INFO Watching for file changes with StatReloader
2026-07-24 09:14:36,779 INFO D:\Programming\GRK\another batch\my_project\Hospital\UserReg\views.py changed, reloading.
2026-07-24 09:14:37,630 INFO Watching for file changes with StatReloader
2026-07-24 09:14:41,724 INFO D:\Programming\GRK\another batch\my_project\Hospital\UserReg\views.py changed, reloading.
2026-07-24 09:14:42,446 INFO Watching for file changes with StatReloader
2026-07-24 09:14:59,250 INFO User tried to access all the users
2026-07-24 09:14:59,252 INFO User got all the users list
2026-07-24 09:15:37,502 DEBUG User Tried to login
2026-07-24 09:15:37,549 WARNING Unauthorized: /user/userlogin/
2026-07-24 09:16:09,431 INFO D:\Programming\GRK\another batch\my_project\Hospital\User\views.py changed, reloading.
2026-07-24 09:16:10,500 INFO Watching for file changes with StatReloader
2026-07-24 09:16:17,776 INFO D:\Programming\GRK\another batch\my_project\Hospital\User\views.py changed, reloading.
2026-07-24 09:16:18,521 INFO Watching for file changes with StatReloader
2026-07-24 09:16:20,285 DEBUG User Tried to login
2026-07-24 09:16:20,329 WARNING Unauthorized user tried to access
2026-07-24 09:16:20,331 WARNING Unauthorized: /user/userlogin/
2026-07-24 09:17:45,490 INFO D:\Programming\GRK\another batch\my_project\Hospital\Hospital\settings.py changed, reloading.
2026-07-24 09:17:46,117 INFO Watching for file changes with StatReloader
2026-07-24 09:17:49,999 INFO D:\Programming\GRK\another batch\my_project\Hospital\Hospital\settings.py changed, reloading.
2026-07-24 09:17:50,732 INFO Watching for file changes with StatReloader
2026-07-24 09:18:13,712 INFO D:\Programming\GRK\another batch\my_project\Hospital\Hospital\settings.py changed, reloading.
2026-07-24 09:18:14,621 INFO Watching for file changes with StatReloader
2026-07-24 09:18:16,372 INFO D:\Programming\GRK\another batch\my_project\Hospital\Hospital\settings.py changed, reloading.
2026-07-24 09:18:17,059 INFO Watching for file changes with StatReloader
